constructor,scenario_id,scenario_desc,direction,element_type,scale,byte_order,branch,path_type,nesting,py_ns_per_call,rs_ns_per_call,speedup_x,meets_10x,data_source,phase,notes
FormatField,B1,3 Int fields Struct (ModbusRTU-like),parse,Int8ub,N=3,unsigned_be,normal,normal,standalone,2923,251,11.64,true,plans/phase1-foundation/过程记录.md:3531;plans/00-项目进度.md:60;plans/phase5-struct-ffi/traces/5.6a-基线重建.md,1,P0 优化后 DEV 报告; 00-项目进度.md 给 7.63x (PM 独立复验口径); 5.6a 同会话 Controlled A/B Test 复测 (3轮 mean±stddev 11.64±0.07; py 3123→2923 / rs 386→251; B 端真实改进 -135ns + A 端环境漂移 -200ns 共同拉高)
FormatField,B1,3 Int fields Struct,build,Int8ub,N=3,unsigned_be,normal,normal,standalone,,,11.71,true,plans/00-项目进度.md:60,1,00-项目进度.md 仅给加速比; 绝对值未在源文件中找到
FormatField,B2,10 Int fields Struct,parse,Int8ub,N=10,unsigned_be,normal,normal,standalone,5688,416,13.68,true,plans/phase1-foundation/过程记录.md:3532;plans/00-项目进度.md:61;plans/phase5-struct-ffi/traces/5.6a-基线重建.md,1,00-项目进度.md 给 8.83x (不同测量时点); 5.6a 同会话 Controlled A/B Test 复测 (3轮 mean±stddev 13.68±0.30; py 6068→5688 / rs 628→416; B 端每字段成本下降 + A 端环境漂移共同拉高)
FormatField,B2,10 Int fields Struct,build,Int8ub,N=10,unsigned_be,normal,normal,standalone,,,13.44,true,plans/00-项目进度.md:61,1,00-项目进度.md 仅给加速比
FormatField,B3,50 Int fields Struct,parse,Int8ub,N=50,unsigned_be,normal,normal,standalone,21220,1524,13.93,true,plans/phase1-foundation/过程记录.md:3533;plans/00-项目进度.md:62;plans/phase5-struct-ffi/traces/5.6a-基线重建.md,1,00-项目进度.md 给 13.66x (不同测量时点); 5.6a 同会话 Controlled A/B Test 复测 (3轮 mean±stddev 13.93±0.04 极稳; py 23314→21220 / rs 2020→1524)
FormatField,B3,50 Int fields Struct,build,Int8ub,N=50,unsigned_be,normal,normal,standalone,,,17.40,true,plans/00-项目进度.md:62,1,00-项目进度.md 仅给加速比
FormatField,B4,100 Int fields Struct,parse,Int8ub,N=100,unsigned_be,normal,normal,standalone,40103,3016,13.30,true,plans/phase1-foundation/过程记录.md:3534;plans/00-项目进度.md:63;plans/phase5-struct-ffi/traces/5.6a-基线重建.md,1,00-项目进度.md 给 13.44x (PM 独立复验 B4=11.77x); 5.6a 同会话 Controlled A/B Test 复测 (3轮 mean±stddev 13.30±0.32; py 44097→40103 / rs 3656→3016; stddev 在 L-09 噪声阈值边缘但 mean 远超 10x)
FormatField,B4,100 Int fields Struct,build,Int8ub,N=100,unsigned_be,normal,normal,standalone,,,13.17,true,plans/00-项目进度.md:63,1,00-项目进度.md 仅给加速比
FormatField,B5,嵌套 Struct 5 层,parse,Int8ub,N=5,unsigned_be,normal,normal,nested,,,3.09,false,plans/phase1-foundation/过程记录.md:2388,1,P0 前; B6 深嵌套 ≥2x 出口标准
FormatField,B5,嵌套 Struct 5 层,build,Int8ub,N=5,unsigned_be,normal,normal,nested,,,4.02,false,plans/phase1-foundation/过程记录.md:2389,1,P0 前
FormatField,B6,深嵌套 10 层,parse,Int8ub,N=10,unsigned_be,normal,normal,nested,12391,3316,3.74,false,plans/phase1-foundation/过程记录.md:2390,1,P0 前; 出口 ≥2x PASS
FormatField,B6,深嵌套 10 层,build,Int8ub,N=10,unsigned_be,normal,normal,nested,11984,2365,5.07,false,plans/phase1-foundation/过程记录.md:2391,1,P0 前
FormatField,B7,空 Struct (0 字段),parse,Int8ub,N=0,unsigned_be,normal,normal,standalone,1709,331,5.17,false,plans/phase1-foundation/过程记录.md:2392,1,P0 前; 字段数混淆对照 L-06 关键场景
Bytes,E1-p2,Bytes(count) 2 字段,parse,Bytes,N=2,unsigned_be,normal,normal,standalone,2717,382,7.11,false,plans/phase2-expression/总纲.md:108,2,Phase 2 表达式系统优化后; 小 struct 固定开销
Bytes,E1-p2,Bytes(count) 2 字段,build,Bytes,N=2,unsigned_be,normal,normal,standalone,2634,276,9.54,false,plans/phase2-expression/总纲.md:109,2,Phase 2 优化后
Bytes,E2-p2,Bytes(count+flag) 3 字段,parse,Bytes,N=3,unsigned_be,normal,normal,standalone,3604,423,8.51,false,plans/phase2-expression/总纲.md:110,2,Phase 2 优化后
Bytes,E2-p2,Bytes(count+flag) 3 字段,build,Bytes,N=3,unsigned_be,normal,normal,standalone,3453,312,11.07,true,plans/phase2-expression/总纲.md:111,2,Phase 2 优化后
Computed,E3-p2,Tell+Computed 6 字段 2 表达式,parse,na,N=6,unsigned_be,normal,normal,standalone,4721,573,8.24,false,plans/phase2-expression/总纲.md:112,2,Phase 2 优化后
Computed,E3-p2,Tell+Computed 6 字段,build,na,N=6,unsigned_be,normal,normal,standalone,4273,494,8.65,false,plans/phase2-expression/总纲.md:113,2,Phase 2 优化后
Bytes,E1-p25,Bytes(count) Vec 化前,parse,Bytes,N=2,unsigned_be,normal,normal,standalone,2724,353,7.71,false,plans/phase2.5-context-vec/总纲.md:90,2.5,Phase 2.5 Vec 化前验收基线; tag phase-2-clean-final
Bytes,E1-p25,Bytes(count) Vec 化前,build,Bytes,N=2,unsigned_be,normal,normal,standalone,2655,271,9.80,false,plans/phase2.5-context-vec/总纲.md:91,2.5,Vec 化前
Bytes,E2-p25,Bytes(count+flag) Vec 化前,parse,Bytes,N=3,unsigned_be,normal,normal,standalone,3602,391,9.22,false,plans/phase2.5-context-vec/总纲.md:92,2.5,Vec 化前
Bytes,E2-p25,Bytes(count+flag) Vec 化前,build,Bytes,N=3,unsigned_be,normal,normal,standalone,3449,317,10.87,true,plans/phase2.5-context-vec/总纲.md:93,2.5,Vec 化前
Computed,E3-p25,Tell+Computed Vec 化前,parse,na,N=6,unsigned_be,normal,normal,standalone,4682,572,8.18,false,plans/phase2.5-context-vec/总纲.md:94,2.5,Vec 化前
Computed,E3-p25,Tell+Computed Vec 化前,build,na,N=6,unsigned_be,normal,normal,standalone,4271,541,7.90,false,plans/phase2.5-context-vec/总纲.md:95,2.5,Vec 化前; 未达 10x
Bytes,E1-final,Bytes(count) Phase 2.5 最终,parse,Bytes,N=2,unsigned_be,normal,normal,standalone,,,9.90,false,plans/00-项目进度.md:70,2.5,00-项目进度.md 仅给加速比
Bytes,E1-final,Bytes(count) Phase 2.5 最终,build,Bytes,N=2,unsigned_be,normal,normal,standalone,,,10.70,true,plans/00-项目进度.md:70,2.5,00-项目进度.md 仅给加速比
Bytes,E2-final,Bytes(count+flag) Phase 2.5 最终,parse,Bytes,N=3,unsigned_be,normal,normal,standalone,,,11.10,true,plans/00-项目进度.md:71,2.5,00-项目进度.md 仅给加速比
Bytes,E2-final,Bytes(count+flag) Phase 2.5 最终,build,Bytes,N=3,unsigned_be,normal,normal,standalone,,,11.90,true,plans/00-项目进度.md:71,2.5,00-项目进度.md 仅给加速比
Computed,E3-final,Tell+Computed Phase 2.5 最终,parse,na,N=6,unsigned_be,normal,normal,standalone,,,11.90,true,plans/00-项目进度.md:72,2.5,00-项目进度.md 仅给加速比
Computed,E3-final,Tell+Computed Phase 2.5 最终,build,na,N=6,unsigned_be,normal,normal,standalone,,,10.70,true,plans/00-项目进度.md:72,2.5,00-项目进度.md 仅给加速比
Bitwise,BitStruct-p3,BitStruct 综合 (Bit+Nibble+Octet+BitsInteger),parse,nested,N=na,both,normal,normal,nested_bitstruct,,,12.00,true,harness/MEMORY.md:109;plans/phase3-bitstream/总纲.md:75,3,harness/MEMORY.md 性能快照; 未单独测每构造器
Bitwise,BitStruct-p3,BitStruct 综合,build,nested,N=na,both,normal,normal,nested_bitstruct,,,17.00,true,harness/MEMORY.md:109;plans/phase3-bitstream/总纲.md:75,3,harness/MEMORY.md 性能快照
Array,4.6-1,Array(100 Int8ub) apples-to-apples,parse,Int8ub,N=100,unsigned_be,normal,normal,standalone,29027,2553,11.37,true,plans/phase4-array/traces/4.6-集成测试.md,4.6,4.6 v4 apples-to-apples 重测
Array,4.6-2,Array(100 Int8ub),build,Int8ub,N=100,unsigned_be,normal,normal,standalone,28969,1505,19.25,true,plans/phase4-array/traces/4.6-集成测试.md,4.6,4.6 v4
Array,4.6-3,Array(1000 Int8ub),parse,Int8ub,N=1000,unsigned_be,normal,normal,standalone,263785,19491,13.53,true,plans/phase4-array/traces/4.6-集成测试.md,4.6,4.6 v4
Array,4.6-4,Array(1000 Int8ub),build,Int8ub,N=1000,unsigned_be,normal,normal,standalone,268404,11387,23.57,true,plans/phase4-array/traces/4.6-集成测试.md,4.6,4.6 v4
Array,4.6-5,Array(100 Struct{2}),parse,Struct{2},N=100,unsigned_be,normal,normal,nested_in_array,231698,16471,14.07,true,plans/phase4-array/traces/4.6-集成测试.md,4.6,4.6 v4
Array,4.6-6,Array(100 Struct{2}),build,Struct{2},N=100,unsigned_be,normal,normal,nested_in_array,204617,6731,30.40,true,plans/phase4-array/traces/4.6-集成测试.md,4.6,4.6 v4
GreedyRange,4.6-7,GreedyRange(Int8ub) N=1024,parse,Int8ub,N=1024,unsigned_be,normal,normal,standalone,448008,18634,24.04,true,plans/phase4-array/traces/4.6-集成测试.md,4.6,4.6 v4
GreedyRange,4.6-8,GreedyRange(Int8ub) N=1024,build,Int8ub,N=1024,unsigned_be,normal,normal,standalone,277410,12310,22.53,true,plans/phase4-array/traces/4.6-集成测试.md,4.6,4.6 v4
GreedyRange,4.6-9,GreedyRange(Struct{2}) N=512,parse,Struct{2},N=512,unsigned_be,normal,normal,nested_in_array,1271464,85826,14.81,true,plans/phase4-array/traces/4.6-集成测试.md,4.6,4.6 v4
GreedyRange,4.6-10,GreedyRange(Struct{2}) N=512,build,Struct{2},N=512,unsigned_be,normal,normal,nested_in_array,1068759,30782,34.72,true,plans/phase4-array/traces/4.6-集成测试.md,4.6,4.6 v4
PrefixedArray,4.6-11,PrefixedArray(Int16ub Int8ub) N=1024,parse,Int8ub,N=1024,unsigned_be,countfield_format,normal,standalone,282125,17880,15.78,true,plans/phase4-array/traces/4.6-集成测试.md,4.6,4.6 v4; countfield Int16ub
PrefixedArray,4.6-12,PrefixedArray(Int16ub Int8ub) N=1024,build,Int8ub,N=1024,unsigned_be,countfield_format,normal,standalone,348284,12541,27.77,true,plans/phase4-array/traces/4.6-集成测试.md,4.6,4.6 v4
PrefixedArray,4.6-13,PrefixedArray(Int16ub Struct{2}) N=512,parse,Struct{2},N=512,unsigned_be,countfield_format,normal,nested_in_array,1256981,76091,16.52,true,plans/phase4-array/traces/4.6-集成测试.md,4.6,4.6 v4
PrefixedArray,4.6-14,PrefixedArray(Int16ub Struct{2}) N=512,build,Struct{2},N=512,unsigned_be,countfield_format,normal,nested_in_array,1321478,28999,45.57,true,plans/phase4-array/traces/4.6-集成测试.md,4.6,4.6 v4
Index,4.6-15,Array(256 Struct{i: Index v: Byte}),parse,nested,N=256,unsigned_be,normal,normal,nested_in_array,562709,37200,15.13,true,plans/phase4-array/traces/4.6-集成测试.md,4.6,4.6 v4
Index,4.6-16,Array(256 Struct{i: Index v: Byte}),build,nested,N=256,unsigned_be,normal,normal,nested_in_array,478332,11273,42.43,true,plans/phase4-array/traces/4.6-集成测试.md,4.6,4.6 v4
StopIf,4.6-17,StopIf(x==0) 不触发,parse,Int8ub,N=1,unsigned_be,expr_not_triggered,normal,nested_in_struct,3699,338,10.93,true,plans/phase4-array/traces/4.6-集成测试.md,4.6,4.6 v4; 4.4 v1 S1 是 10.22x → 4.7 优化后 10.93x
StopIf,4.6-18,StopIf(x==0) 不触发,build,Int8ub,N=1,unsigned_be,expr_not_triggered,normal,nested_in_struct,3698,306,12.10,true,plans/phase4-array/traces/4.6-集成测试.md,4.6,4.6 v4
RepeatUntil,4.6-19,RepeatUntil Expr (x>5) N=1024,parse,Int8ub,N=1024,unsigned_be,expr_not_triggered,normal,standalone,4829,519,9.30,false,plans/phase4-array/traces/4.6-集成测试.md,4.6,4.6 v4 旧 PyCallable 测试; 4.5 v4 Expr 重测达 10.41x
RepeatUntil,4.6-20,RepeatUntil Expr (x>5) N=1024,build,Int8ub,N=1024,unsigned_be,expr_not_triggered,normal,standalone,4946,523,9.45,false,plans/phase4-array/traces/4.6-集成测试.md,4.6,同上; 4.5 v4 重测 10.33x
RepeatUntil,4.6-21,RepeatUntil PyCallable N=1024,parse,Int8ub,N=1024,unsigned_be,normal,normal,standalone,4140,1275,3.25,false,plans/phase4-array/traces/4.6-集成测试.md,4.6,4.6 v4 旧测; PyCallable 物理上限
RepeatUntil,4.6-22,RepeatUntil PyCallable N=1024,build,Int8ub,N=1024,unsigned_be,normal,normal,standalone,4138,1341,3.09,false,plans/phase4-array/traces/4.6-集成测试.md,4.6,4.6 v4 旧测; 4.5 v4 重测 Int8ub 1.99-2.19x (Container proxy 开销)
Array,A1,Array(10 Int8ub) v2 多维,parse,Int8ub,N=10,unsigned_be,normal,normal,standalone,3305,518,6.38,false,plans/phase4-array/traces/4.2-GreedyRangeNode.md,4,4.1 v2 多维; v4 apples-to-apples 10.28x
Array,A1,Array(10 Int8ub) v2 多维,build,Int8ub,N=10,unsigned_be,normal,normal,standalone,3395,359,9.46,false,plans/phase4-array/traces/4.2-GreedyRangeNode.md,4,4.1 v2 多维; v4 13.55x
Array,A2,Array(100 Int8ub),parse,Int8ub,N=100,unsigned_be,normal,normal,standalone,24040,1998,12.03,true,plans/phase4-array/traces/4.2-GreedyRangeNode.md,4,4.1 v2 多维
Array,A2,Array(100 Int8ub),build,Int8ub,N=100,unsigned_be,normal,normal,standalone,24665,1179,20.92,true,plans/phase4-array/traces/4.2-GreedyRangeNode.md,4,4.1 v2 多维
Array,A3,Array(1000 Int8ub),parse,Int8ub,N=1000,unsigned_be,normal,normal,standalone,233202,15324,15.22,true,plans/phase4-array/traces/4.2-GreedyRangeNode.md,4,4.1 v2 多维
Array,A3,Array(1000 Int8ub),build,Int8ub,N=1000,unsigned_be,normal,normal,standalone,241318,9181,26.28,true,plans/phase4-array/traces/4.2-GreedyRangeNode.md,4,4.1 v2 多维
Array,A4,Array(10000 Int8ub),parse,Int8ub,N=10000,unsigned_be,normal,normal,standalone,2309820,136111,16.97,true,plans/phase4-array/traces/4.2-GreedyRangeNode.md,4,4.1 v2 多维
Array,A4,Array(10000 Int8ub),build,Int8ub,N=10000,unsigned_be,normal,normal,standalone,2415500,89424,27.01,true,plans/phase4-array/traces/4.2-GreedyRangeNode.md,4,4.1 v2 多维
Array,A5,Array(100 Int32ub),parse,Int32ub,N=100,unsigned_be,normal,normal,standalone,27326,2563,10.66,true,plans/phase4-array/traces/4.2-GreedyRangeNode.md,4,4.1 v2 多维
Array,A5,Array(100 Int32ub),build,Int32ub,N=100,unsigned_be,normal,normal,standalone,26872,1191,22.56,true,plans/phase4-array/traces/4.2-GreedyRangeNode.md,4,4.1 v2 多维
Array,A6,Array(1000 Int32ub),parse,Int32ub,N=1000,unsigned_be,normal,normal,standalone,264932,20750,12.77,true,plans/phase4-array/traces/4.2-GreedyRangeNode.md,4,4.1 v2 多维
Array,A6,Array(1000 Int32ub),build,Int32ub,N=1000,unsigned_be,normal,normal,standalone,259025,9554,27.11,true,plans/phase4-array/traces/4.2-GreedyRangeNode.md,4,4.1 v2 多维
Array,A7,Array(100 Bytes(8)),parse,Bytes,N=100,unsigned_be,normal,normal,standalone,21208,2533,8.37,false,plans/phase4-array/traces/4.2-GreedyRangeNode.md,4,4.1 v2 多维; Bytes 元素 Python 端开销低
Array,A7,Array(100 Bytes(8)),build,Bytes,N=100,unsigned_be,normal,normal,standalone,26414,1400,18.87,true,plans/phase4-array/traces/4.2-GreedyRangeNode.md,4,4.1 v2 多维
Array,A9,Array(100 Struct{2}),parse,Struct{2},N=100,unsigned_be,normal,normal,nested_in_array,209152,13196,15.85,true,plans/phase4-array/traces/4.2-GreedyRangeNode.md,4,4.1 v2 多维
Array,A9,Array(100 Struct{2}),build,Struct{2},N=100,unsigned_be,normal,normal,nested_in_array,182854,5310,34.44,true,plans/phase4-array/traces/4.2-GreedyRangeNode.md,4,4.1 v2 多维
Array,A11,Array(100 Struct{4}),parse,Struct{4},N=100,unsigned_be,normal,normal,nested_in_array,283555,18692,15.17,true,plans/phase4-array/traces/4.2-GreedyRangeNode.md,4,4.1 v2 多维
Array,A11,Array(100 Struct{4}),build,Struct{4},N=100,unsigned_be,normal,normal,nested_in_array,250231,8459,29.58,true,plans/phase4-array/traces/4.2-GreedyRangeNode.md,4,4.1 v2 多维
GreedyRange,G1,GreedyRange(Int8ub) N=64,parse,Int8ub,N=64,unsigned_be,normal,normal,standalone,18359,1449,12.67,true,plans/phase4-array/traces/4.2-GreedyRangeNode.md,4,4.2 v2 多维
GreedyRange,G1,GreedyRange(Int8ub) N=64,build,Int8ub,N=64,unsigned_be,normal,normal,standalone,15549,1030,15.10,true,plans/phase4-array/traces/4.2-GreedyRangeNode.md,4,4.2 v2 多维
GreedyRange,G2,GreedyRange(Int8ub) N=1024,parse,Int8ub,N=1024,unsigned_be,normal,normal,standalone,270114,15683,17.22,true,plans/phase4-array/traces/4.2-GreedyRangeNode.md,4,4.2 v2 多维
GreedyRange,G2,GreedyRange(Int8ub) N=1024,build,Int8ub,N=1024,unsigned_be,normal,normal,standalone,240715,10484,22.96,true,plans/phase4-array/traces/4.2-GreedyRangeNode.md,4,4.2 v2 多维
GreedyRange,G3,GreedyRange(Int8ub) N=8192,parse,Int8ub,N=8192,unsigned_be,normal,normal,standalone,2150980,111192,19.34,true,plans/phase4-array/traces/4.2-GreedyRangeNode.md,4,4.2 v2 多维
GreedyRange,G3,GreedyRange(Int8ub) N=8192,build,Int8ub,N=8192,unsigned_be,normal,normal,standalone,1928200,77403,24.91,true,plans/phase4-array/traces/4.2-GreedyRangeNode.md,4,4.2 v2 多维
GreedyRange,G4,GreedyRange(Int32ub) N=256,parse,Int32ub,N=256,unsigned_be,normal,normal,standalone,75835,5906,12.84,true,plans/phase4-array/traces/4.2-GreedyRangeNode.md,4,4.2 v2 多维
GreedyRange,G4,GreedyRange(Int32ub) N=256,build,Int32ub,N=256,unsigned_be,normal,normal,standalone,65378,3046,21.46,true,plans/phase4-array/traces/4.2-GreedyRangeNode.md,4,4.2 v2 多维
GreedyRange,G6,GreedyRange(Bytes(8)) N=128,parse,Bytes,N=128,unsigned_be,normal,normal,standalone,32305,3357,9.62,false,plans/phase4-array/traces/4.2-GreedyRangeNode.md,4,4.2 v2 多维; Bytes 元素固有特性
GreedyRange,G7,GreedyRange(Struct{2}) N=512,parse,Struct{2},N=512,unsigned_be,normal,normal,nested_in_array,1084520,66059,16.42,true,plans/phase4-array/traces/4.2-GreedyRangeNode.md,4,4.2 v2 多维
GreedyRange,G7,GreedyRange(Struct{2}) N=512,build,Struct{2},N=512,unsigned_be,normal,normal,nested_in_array,1007630,24809,40.62,true,plans/phase4-array/traces/4.2-GreedyRangeNode.md,4,4.2 v2 多维
PrefixedArray,P1,PrefixedArray(Byte Int8ub) N=64,parse,Int8ub,N=64,unsigned_be,countfield_format,normal,standalone,17763,1347,13.19,true,plans/phase4-array/traces/4.3-PrefixedArrayNode.md,4,4.3 v1 多维; countfield Byte
PrefixedArray,P1,PrefixedArray(Byte Int8ub) N=64,build,Int8ub,N=64,unsigned_be,countfield_format,normal,standalone,17745,1058,16.77,true,plans/phase4-array/traces/4.3-PrefixedArrayNode.md,4,4.3 v1 多维
PrefixedArray,P3,PrefixedArray(Int16ub Int8ub) N=1024,parse,Int8ub,N=1024,unsigned_be,countfield_format,normal,standalone,242386,15195,15.95,true,plans/phase4-array/traces/4.3-PrefixedArrayNode.md,4,4.3 v1 多维
PrefixedArray,P3,PrefixedArray(Int16ub Int8ub) N=1024,build,Int8ub,N=1024,unsigned_be,countfield_format,normal,standalone,246910,10113,24.42,true,plans/phase4-array/traces/4.3-PrefixedArrayNode.md,4,4.3 v1 多维
PrefixedArray,P4,PrefixedArray(Int16ub Int8ub) N=4096,parse,Int8ub,N=4096,unsigned_be,countfield_format,normal,standalone,969489,55858,17.36,true,plans/phase4-array/traces/4.3-PrefixedArrayNode.md,4,4.3 v1 多维
PrefixedArray,P4,PrefixedArray(Int16ub Int8ub) N=4096,build,Int8ub,N=4096,unsigned_be,countfield_format,normal,standalone,983548,39347,25.00,true,plans/phase4-array/traces/4.3-PrefixedArrayNode.md,4,4.3 v1 多维
PrefixedArray,P5,PrefixedArray(Int16ub Int32ub) N=256,parse,Int32ub,N=256,unsigned_be,countfield_format,normal,standalone,71496,5685,12.58,true,plans/phase4-array/traces/4.3-PrefixedArrayNode.md,4,4.3 v1 多维
PrefixedArray,P5,PrefixedArray(Int16ub Int32ub) N=256,build,Int32ub,N=256,unsigned_be,countfield_format,normal,standalone,67481,3027,22.29,true,plans/phase4-array/traces/4.3-PrefixedArrayNode.md,4,4.3 v1 多维
PrefixedArray,P6,PrefixedArray(Int16ub Bytes(8)) N=128,parse,Bytes,N=128,unsigned_be,countfield_format,normal,standalone,30520,3044,10.03,true,plans/phase4-array/traces/4.3-PrefixedArrayNode.md,4,4.3 v1 多维; Bytes 类型最低
PrefixedArray,P7,PrefixedArray(Int16ub Struct{2}) N=512,parse,Struct{2},N=512,unsigned_be,countfield_format,normal,nested_in_array,1047960,65977,15.88,true,plans/phase4-array/traces/4.3-PrefixedArrayNode.md,4,4.3 v1 多维
PrefixedArray,P7,PrefixedArray(Int16ub Struct{2}) N=512,build,Struct{2},N=512,unsigned_be,countfield_format,normal,nested_in_array,953452,24705,38.59,true,plans/phase4-array/traces/4.3-PrefixedArrayNode.md,4,4.3 v1 多维
Index,I1-4.4,Array(N Index) N=256,parse,Index,N=256,unsigned_be,normal,normal,nested_in_array,36496,3926,9.30,false,plans/phase4-array/traces/4.4-Index-StopIf.md,4.4,4.4 v1; I1 parse 低于 10x
Index,I1-4.4,Array(N Index) N=256,build,Index,N=256,unsigned_be,normal,normal,nested_in_array,33716,1829,18.44,true,plans/phase4-array/traces/4.4-Index-StopIf.md,4.4,4.4 v1
Index,I1-4.4,Array(N Index) N=4096,parse,Index,N=4096,unsigned_be,normal,normal,nested_in_array,652255,65439,9.97,false,plans/phase4-array/traces/4.4-Index-StopIf.md,4.4,4.4 v1
Index,I1-4.4,Array(N Index) N=4096,build,Index,N=4096,unsigned_be,normal,normal,nested_in_array,555860,26483,20.99,true,plans/phase4-array/traces/4.4-Index-StopIf.md,4.4,4.4 v1
Index,I2-4.4,Array(N Struct{i: Index v: Byte}) N=256,parse,nested,N=256,unsigned_be,normal,normal,nested_in_array,531905,33229,16.01,true,plans/phase4-array/traces/4.4-Index-StopIf.md,4.4,4.4 v1; Index+Byte Struct
Index,I2-4.4,Array(N Struct{i: Index v: Byte}) N=256,build,nested,N=256,unsigned_be,normal,normal,nested_in_array,494097,10483,47.14,true,plans/phase4-array/traces/4.4-Index-StopIf.md,4.4,4.4 v1
StopIf,S1-4.4,StopIf(x==0) 不触发,parse,Int8ub,N=1,unsigned_be,expr_not_triggered,normal,nested_in_struct,3339,327,10.22,true,plans/phase4-array/traces/4.4-Index-StopIf.md,4.4,4.4 v1
StopIf,S1-4.4,StopIf(x==0) 不触发,build,Int8ub,N=1,unsigned_be,expr_not_triggered,normal,nested_in_struct,3051,276,11.07,true,plans/phase4-array/traces/4.4-Index-StopIf.md,4.4,4.4 v1
StopIf,S2-4.4,StopIf(x==0) 触发,parse,Int8ub,N=1,unsigned_be,expr_not_triggered,normal,nested_in_struct,3350,347,9.65,false,plans/phase4-array/traces/4.4-Index-StopIf.md,4.4,4.4 v1; B1 类小字段 FFI 稀释
StopIf,S3-4.4,StopIf(True) 触发,parse,Int8ub,N=1,unsigned_be,always_true,normal,nested_in_struct,2995,301,9.96,false,plans/phase4-array/traces/4.4-Index-StopIf.md,4.4,4.4 v1; B1 类小字段 FFI 稀释; 总纲待决策场景
Index,i02-4.7,Array(100 Index) parse 优化后,parse,Index,N=100,unsigned_be,normal,normal,nested_in_array,24119,1182,20.40,true,plans/phase4-array/traces/4.7-per-iter优化.md,4.7,4.7 per-iter 优化; INVEST 9.17x → 20.40x (Path enum + lazy path)
Index,i03-4.7,Array(1000 Index) parse 优化后,parse,Index,N=1000,unsigned_be,normal,normal,nested_in_array,202395,15241,13.28,true,plans/phase4-array/traces/4.7-per-iter优化.md,4.7,4.7 优化
Index,i04-4.7,Array(4096 Index) parse 优化后,parse,Index,N=4096,unsigned_be,normal,normal,nested_in_array,859837,64184,13.40,true,plans/phase4-array/traces/4.7-per-iter优化.md,4.7,4.7 优化
Index,i01-4.7,Array(10 Index) build 优化后,build,Index,N=10,unsigned_be,normal,normal,nested_in_array,4657,265,17.57,true,plans/phase4-array/traces/4.7-per-iter优化.md,4.7,4.7 优化; INVEST 9.95x → 17.57x
GreedyRange,g01-4.7,GreedyRange(Int8ub) N=10 parse 优化后,parse,Int8ub,N=10,unsigned_be,normal,normal,standalone,8689,738,11.78,true,plans/phase4-array/traces/4.7-per-iter优化.md,4.7,4.7 优化; INVEST 9.21x → 11.78x
Index,i01-4.7,Array(10 Index) parse 结构性场景,parse,Index,N=10,unsigned_be,normal,normal,nested_in_array,4903,449,10.93,true,plans/phase4-array/traces/4.7-per-iter优化.md,4.7,4.7 优化; ARCH 预测 7.5-8x 超预期
Array,a01-4.7,Array(10 Int8ub) parse 结构性场景,parse,Int8ub,N=10,unsigned_be,normal,normal,standalone,6286,464,13.56,true,plans/phase4-array/traces/4.7-per-iter优化.md,4.7,4.7 优化; INVEST 7.93x → 13.56x
Index,e01-4.7,Array(0 Index) parse 零工作量,parse,Index,N=0,unsigned_be,normal,normal,nested_in_array,2650,261,10.16,true,plans/phase4-array/traces/4.7-per-iter优化.md,4.7,4.7 优化; INVEST 6.22x → 10.16x; 接近阈值 (O3)
PrefixedArray,p_err-4.x,PrefixedArray(Byte Int8ub) cf=300 溢出 build,build,Int8ub,N=na,unsigned_be,error_overflow,error,nested_in_array,,,2.12,false,plans/phase4-array/traces/4.x-性能调查.md,4.6,4.6 v4 apples-to-apples 错误路径 D 类; ConstructError→PyErr 转换固定 ~1500ns
Array,a_err-4.x,Array(100 Int8ub) 50B stream EOF,parse,Int8ub,N=100,unsigned_be,error_eof,error,nested_in_array,,,6.93,false,plans/phase4-array/traces/4.x-性能调查.md,4.6,4.6 v4 apples-to-apples 错误路径 D 类
RepeatUntil,e1-4.5,Expr RepeatUntil(Int8ub) N=64,parse,Int8ub,N=64,unsigned_be,expr_not_triggered,normal,standalone,16670,1962,8.50,false,plans/phase4-array/traces/4.5-RepeatUntil.md,4.5,4.5 v4 V-1 修正后; Expr 路径 ≥8x 目标 PASS
RepeatUntil,e1-4.5,Expr RepeatUntil(Int8ub) N=64,build,Int8ub,N=64,unsigned_be,expr_not_triggered,normal,standalone,17842,2151,8.29,false,plans/phase4-array/traces/4.5-RepeatUntil.md,4.5,4.5 v4
RepeatUntil,e2-4.5,Expr RepeatUntil(Int8ub) N=1024,parse,Int8ub,N=1024,unsigned_be,expr_not_triggered,normal,standalone,256537,24632,10.41,true,plans/phase4-array/traces/4.5-RepeatUntil.md,4.5,4.5 v4
RepeatUntil,e2-4.5,Expr RepeatUntil(Int8ub) N=1024,build,Int8ub,N=1024,unsigned_be,expr_not_triggered,normal,standalone,275477,26672,10.33,true,plans/phase4-array/traces/4.5-RepeatUntil.md,4.5,4.5 v4
RepeatUntil,e3-4.5,Expr RepeatUntil(Int8ub) N=8192,parse,Int8ub,N=8192,unsigned_be,expr_not_triggered,normal,standalone,2031550,185453,10.95,true,plans/phase4-array/traces/4.5-RepeatUntil.md,4.5,4.5 v4
RepeatUntil,e3-4.5,Expr RepeatUntil(Int8ub) N=8192,build,Int8ub,N=8192,unsigned_be,expr_not_triggered,normal,standalone,2168160,199556,10.86,true,plans/phase4-array/traces/4.5-RepeatUntil.md,4.5,4.5 v4
RepeatUntil,e4-4.5,Expr RepeatUntil(Int32ub) N=256,parse,Int32ub,N=256,unsigned_be,expr_not_triggered,normal,standalone,68009,6605,10.30,true,plans/phase4-array/traces/4.5-RepeatUntil.md,4.5,4.5 v4
RepeatUntil,e4-4.5,Expr RepeatUntil(Int32ub) N=256,build,Int32ub,N=256,unsigned_be,expr_not_triggered,normal,standalone,72895,7686,9.48,false,plans/phase4-array/traces/4.5-RepeatUntil.md,4.5,4.5 v4; 接近 10x 阈值
RepeatUntil,m1-4.5,Expr flipped predicate (200<x) N=1024,parse,Int8ub,N=1024,unsigned_be,expr_not_triggered,normal,standalone,261268,24742,10.56,true,plans/phase4-array/traces/4.5-RepeatUntil.md,4.5,4.5 v4; AST 翻转形式识别
RepeatUntil,m1-4.5,Expr flipped predicate,build,Int8ub,N=1024,unsigned_be,expr_not_triggered,normal,standalone,280980,26586,10.57,true,plans/phase4-array/traces/4.5-RepeatUntil.md,4.5,4.5 v4
RepeatUntil,p1-4.5,Callable RepeatUntil(Int8ub) N=64,parse,Int8ub,N=64,unsigned_be,normal,normal,standalone,17521,9316,1.88,false,plans/phase4-array/traces/4.5-RepeatUntil.md,4.5,4.5 v4 V-1 修正后; PyCallable 兜底路径物理上限 ≥1.5x 目标 PASS
RepeatUntil,p1-4.5,Callable RepeatUntil(Int8ub) N=64,build,Int8ub,N=64,unsigned_be,normal,normal,standalone,19424,9401,2.07,false,plans/phase4-array/traces/4.5-RepeatUntil.md,4.5,4.5 v4
RepeatUntil,p2-4.5,Callable RepeatUntil(Int8ub) N=1024,parse,Int8ub,N=1024,unsigned_be,normal,normal,standalone,276284,138917,1.99,false,plans/phase4-array/traces/4.5-RepeatUntil.md,4.5,4.5 v4
RepeatUntil,p2-4.5,Callable RepeatUntil(Int8ub) N=1024,build,Int8ub,N=1024,unsigned_be,normal,normal,standalone,298057,136207,2.19,false,plans/phase4-array/traces/4.5-RepeatUntil.md,4.5,4.5 v4
RepeatUntil,p3-4.5,Callable RepeatUntil(Int32ub) N=256,parse,Int32ub,N=256,unsigned_be,normal,normal,standalone,81399,34721,2.34,false,plans/phase4-array/traces/4.5-RepeatUntil.md,4.5,4.5 v4
RepeatUntil,p3-4.5,Callable RepeatUntil(Int32ub) N=256,build,Int32ub,N=256,unsigned_be,normal,normal,standalone,76851,34091,2.25,false,plans/phase4-array/traces/4.5-RepeatUntil.md,4.5,4.5 v4
RepeatUntil,m2-4.5,Callable list-dependent (2 iter short-circuit),parse,Int8ub,N=2,unsigned_be,normal,normal,standalone,1464,1031,1.42,false,plans/phase4-array/traces/4.5-RepeatUntil.md,4.5,4.5 v4 边缘场景; 1.42-1.53 波动; per-iter 反超 Python 但 setup 主导
RepeatUntil,m2-4.5,Callable list-dependent short-circuit,build,Int8ub,N=2,unsigned_be,normal,normal,standalone,1493,1012,1.48,false,plans/phase4-array/traces/4.5-RepeatUntil.md,4.5,4.5 v4 边缘场景
RepeatUntil,e1-4.5v1,Expr RepeatUntil(Int8ub) N=64 v1,parse,Int8ub,N=64,unsigned_be,expr_not_triggered,normal,standalone,21046,1899,11.08,true,plans/phase4-array/traces/4.5-RepeatUntil.md,4.5,4.5 v1 (V-1 修正前); v4 后 8.50x (Container proxy 加入开销仅影响 PyCallable)
RepeatUntil,e2-4.5v1,Expr RepeatUntil(Int8ub) N=1024 v1,parse,Int8ub,N=1024,unsigned_be,expr_not_triggered,normal,standalone,297973,25118,11.86,true,plans/phase4-array/traces/4.5-RepeatUntil.md,4.5,4.5 v1
RepeatUntil,e3-4.5v1,Expr RepeatUntil(Int8ub) N=8192 v1,parse,Int8ub,N=8192,unsigned_be,expr_not_triggered,normal,standalone,2196350,183143,11.99,true,plans/phase4-array/traces/4.5-RepeatUntil.md,4.5,4.5 v1
RepeatUntil,e4-4.5v1,Expr RepeatUntil(Int32ub) N=256 v1,parse,Int32ub,N=256,unsigned_be,expr_not_triggered,normal,standalone,71815,6760,10.62,true,plans/phase4-array/traces/4.5-RepeatUntil.md,4.5,4.5 v1
RepeatUntil,e-flip-4.5v1,Expr flipped predicate (200<x) N=1024 v1,parse,Int8ub,N=1024,unsigned_be,expr_not_triggered,normal,standalone,328726,32780,10.03,true,plans/phase4-array/traces/4.5-RepeatUntil.md,4.5,4.5 v1
RepeatUntil,e1-4.5v1,Expr RepeatUntil(Int8ub) N=64 v1,build,Int8ub,N=64,unsigned_be,expr_not_triggered,normal,standalone,25833,2131,12.12,true,plans/phase4-array/traces/4.5-RepeatUntil.md,4.5,4.5 v1
RepeatUntil,e2-4.5v1,Expr RepeatUntil(Int8ub) N=1024 v1,build,Int8ub,N=1024,unsigned_be,expr_not_triggered,normal,standalone,304314,26080,11.67,true,plans/phase4-array/traces/4.5-RepeatUntil.md,4.5,4.5 v1
RepeatUntil,e3-4.5v1,Expr RepeatUntil(Int8ub) N=8192 v1,build,Int8ub,N=8192,unsigned_be,expr_not_triggered,normal,standalone,2305460,187801,12.28,true,plans/phase4-array/traces/4.5-RepeatUntil.md,4.5,4.5 v1
RepeatUntil,p1-4.5v1,Callable RepeatUntil(Int8ub) N=64 v1 (pre-Container proxy),parse,Int8ub,N=64,unsigned_be,normal,normal,standalone,17736,8023,2.21,false,plans/phase4-array/traces/4.5-RepeatUntil.md,4.5,4.5 v1; 仅 _index proxy (V-1 修正前)
RepeatUntil,p2-4.5v1,Callable RepeatUntil(Int8ub) N=1024 v1,parse,Int8ub,N=1024,unsigned_be,normal,normal,standalone,295615,125224,2.36,false,plans/phase4-array/traces/4.5-RepeatUntil.md,4.5,4.5 v1
RepeatUntil,p3-4.5v1,Callable RepeatUntil(Int32ub) N=256 v1,parse,Int32ub,N=256,unsigned_be,normal,normal,standalone,92869,30949,3.00,false,plans/phase4-array/traces/4.5-RepeatUntil.md,4.5,4.5 v1; Int32ub 系列恰好达标 3x
StopIf,S01-4.6,StopIf(x==0) 不触发 O1优化后 VET复测,parse,Int8ub,N=1,unsigned_be,expr_not_triggered,normal,nested_in_struct,3099,252,12.29,true,plans/phase4-array/traces/4.6-集成测试.md;plans/phase5-struct-ffi/traces/5.6a-基线重建.md,4.6,4.6 O1 (try_eval_simple_cmp fast-path); VET 独立复测; O1 前 S01 4.4v1 9.65x → O1 后 ≥10x 达标; 5.6a 同会话 Controlled A/B Test 复测 (3轮 mean±stddev 12.29±0.12; 首次补全 py=3099 / rs=252 绝对值; 高于 4.6 VET 复测 10.72x 归因环境漂移)
StopIf,S01-4.6,StopIf(x==0) 不触发 O1优化后 VET复测,build,Int8ub,N=1,unsigned_be,expr_not_triggered,normal,nested_in_struct,,,11.56,true,plans/phase4-array/traces/4.6-集成测试.md,4.6,4.6 O1 VET 复测
StopIf,S02-4.6,StopIf(x==0) 触发 O1优化后 VET复测,parse,Int8ub,N=1,unsigned_be,expr_not_triggered,normal,nested_in_struct,,,11.87,true,plans/phase4-array/traces/4.6-集成测试.md,4.6,4.6 O1 VET 复测
StopIf,S02-4.6,StopIf(x==0) 触发 O1优化后 VET复测,build,Int8ub,N=1,unsigned_be,expr_not_triggered,normal,nested_in_struct,,,12.64,true,plans/phase4-array/traces/4.6-集成测试.md,4.6,4.6 O1 VET 复测
StopIf,S03-4.6,StopIf(True) 触发 O1优化后 VET复测,parse,Int8ub,N=1,unsigned_be,always_true,normal,nested_in_struct,2913,237,12.32,true,plans/phase4-array/traces/4.6-集成测试.md;plans/phase5-struct-ffi/traces/5.6a-基线重建.md,4.6,4.6 O1 VET 复测; Always 路径不应命中 O1 但 crate 整体 inlining 收益 (设计 §16.1.6 反例3); 5.6a 同会话 Controlled A/B Test 复测 (3轮 mean±stddev 12.32±0.05 极稳; 首次补全 py=2913 / rs=237 绝对值; 高于 4.6 VET 复测 10.93x 归因环境漂移)
StopIf,S03-4.6,StopIf(True) 触发 O1优化后 VET复测,build,Int8ub,N=1,unsigned_be,always_true,normal,nested_in_struct,,,15.69,true,plans/phase4-array/traces/4.6-集成测试.md,4.6,4.6 O1 VET 复测
Index,E01-4.7-verify,Array(0 Index) parse 4.6 VET独立复测,parse,Index,N=0,unsigned_be,normal,normal,nested_in_array,,,9.51,false,plans/phase4-array/traces/4.6-集成测试.md,4.6,VET 3轮独立复测稳态 9.51-9.54x; 4.7 PM 复测 10.56x 是测量高位; B1类待 Phase 5 复审 (用户决策事项B精神)
Array,a_err_eof-4.x,Array 错误路径 O1-O4 后 VET Controlled A/B Test,parse,Int8ub,N=10,unsigned_be,error_eof,normal,nested_in_array,16435,1459,11.34,true,plans/phase4-array/traces/4.x-错误路径.md,4.x,O1-O4 (lazy str + Bound ref + O3 raw FFI 绕 __init__ + PyErr 直接构造) 后 VET A/B Test B(on) mean n=3; A(off) 9.82x delta +1.53x welch_t 显著; DLL hash 不同; 设计预测中位 10.5x / 上限 12x 实测落入区间
PrefixedArray,p_err_overflow-4.x,PrefixedArray countfield 溢出 O1-O4 后 VET A/B Test,build,Int8ub,N=na,unsigned_be,error_overflow,normal,nested_in_array,5763,2124,2.72,false,plans/phase4-array/traces/4.x-错误路径.md,4.x,O1-O4 后 VET A/B Test B(on) mean n=3; A(off) 2.49x delta +0.22x 在波动内但 rs_ns -308ns 方向一致; 设计 §2.4 工程上限 ~3-4x 实测略低于下界; 结构性边界 (Python baseline 仅 5.6µs); 用户决策 2026-07-28 方案A: 接受单点 <10x 作为 Python baseline 短导致的固有边界 (与 StopIf B1 同档); Phase 5 合流但不能保证 ≥10x
Index,i02_idx_n100-4.x-negative,Array(100 Index) O1-O4 阴性对照,parse,Index,N=100,unsigned_be,normal,normal,nested_in_array,18074,1009,17.77,true,plans/phase4-array/traces/4.x-错误路径.md,4.x,VET 阴性对照 mean n=3; A vs B delta -0.29x (<0.3x 波动阈值); i02 改善 (INVEST 10x -> 17.3x) 归因跨时段环境漂移 非 O1-O4 效果; 印证 L-09
VarInt,6.6-V1-P,VarInt(1) 单字节,parse,VarInt,N=1,na,normal,normal,standalone,2249,220,10.23,true,plans/phase6-primitives-strings-adapter/traces/6.6-集成测试与性能验证.md;construct-rs/bench/results/bench_phase6_csv.json,6.6,6.6 全量 bench
VarInt,6.6-V1-B,VarInt(1) 单字节,build,VarInt,N=1,na,normal,normal,standalone,1941,145,13.39,true,plans/phase6-primitives-strings-adapter/traces/6.6-集成测试与性能验证.md;construct-rs/bench/results/bench_phase6_csv.json,6.6,6.6 全量 bench
VarInt,6.6-V2-P,VarInt(128) 双字节,parse,VarInt,N=1,na,normal,normal,standalone,2185,226,9.68,false,plans/phase6-primitives-strings-adapter/traces/6.6-集成测试与性能验证.md;construct-rs/bench/results/bench_phase6_csv.json,6.6,6.6 全量 bench
VarInt,6.6-V2-B,VarInt(128) 双字节,build,VarInt,N=1,na,normal,normal,standalone,2006,158,12.69,true,plans/phase6-primitives-strings-adapter/traces/6.6-集成测试与性能验证.md;construct-rs/bench/results/bench_phase6_csv.json,6.6,6.6 全量 bench
VarInt,6.6-V3-P,VarInt(u32 max) 五字节,parse,VarInt,N=1,na,normal,normal,standalone,2692,237,11.35,true,plans/phase6-primitives-strings-adapter/traces/6.6-集成测试与性能验证.md;construct-rs/bench/results/bench_phase6_csv.json,6.6,6.6 全量 bench
VarInt,6.6-V3-B,VarInt(u32 max) 五字节,build,VarInt,N=1,na,normal,normal,standalone,2244,169,13.28,true,plans/phase6-primitives-strings-adapter/traces/6.6-集成测试与性能验证.md;construct-rs/bench/results/bench_phase6_csv.json,6.6,6.6 全量 bench
VarInt,6.6-V4-P,VarInt(u64 max) 十字节,parse,VarInt,N=1,na,normal,normal,standalone,3440,249,13.80,true,plans/phase6-primitives-strings-adapter/traces/6.6-集成测试与性能验证.md;construct-rs/bench/results/bench_phase6_csv.json,6.6,6.6 全量 bench
VarInt,6.6-V4-B,VarInt(u64 max) 十字节,build,VarInt,N=1,na,normal,normal,standalone,2686,257,10.45,true,plans/phase6-primitives-strings-adapter/traces/6.6-集成测试与性能验证.md;construct-rs/bench/results/bench_phase6_csv.json,6.6,6.6 全量 bench
VarInt,6.6-V5-P,"Array(100, VarInt) N=100",parse,VarInt,N=100,na,normal,normal,nested_in_struct,36020,1181,30.50,true,plans/phase6-primitives-strings-adapter/traces/6.6-集成测试与性能验证.md;construct-rs/bench/results/bench_phase6_csv.json,6.6,6.6 全量 bench
VarInt,6.6-V5-B,"Array(100, VarInt) N=100",build,VarInt,N=100,na,normal,normal,nested_in_struct,36173,1394,25.94,true,plans/phase6-primitives-strings-adapter/traces/6.6-集成测试与性能验证.md;construct-rs/bench/results/bench_phase6_csv.json,6.6,6.6 全量 bench
ZigZag,6.6-Z1-P,ZigZag(0),parse,ZigZag,N=1,na,normal,normal,standalone,2123,228,9.33,false,plans/phase6-primitives-strings-adapter/traces/6.6-集成测试与性能验证.md;construct-rs/bench/results/bench_phase6_csv.json,6.6,6.6 全量 bench
ZigZag,6.6-Z1-B,ZigZag(0),build,ZigZag,N=1,na,normal,normal,standalone,1993,154,12.93,true,plans/phase6-primitives-strings-adapter/traces/6.6-集成测试与性能验证.md;construct-rs/bench/results/bench_phase6_csv.json,6.6,6.6 全量 bench
ZigZag,6.6-Z2-P,ZigZag(-1),parse,ZigZag,N=1,na,normal,normal,standalone,2087,227,9.19,false,plans/phase6-primitives-strings-adapter/traces/6.6-集成测试与性能验证.md;construct-rs/bench/results/bench_phase6_csv.json,6.6,6.6 全量 bench
ZigZag,6.6-Z2-B,ZigZag(-1),build,ZigZag,N=1,na,normal,normal,standalone,2048,158,12.98,true,plans/phase6-primitives-strings-adapter/traces/6.6-集成测试与性能验证.md;construct-rs/bench/results/bench_phase6_csv.json,6.6,6.6 全量 bench
ZigZag,6.6-Z3-P,ZigZag(2^31-1),parse,ZigZag,N=1,na,normal,normal,standalone,2771,266,10.42,true,plans/phase6-primitives-strings-adapter/traces/6.6-集成测试与性能验证.md;construct-rs/bench/results/bench_phase6_csv.json,6.6,6.6 全量 bench
ZigZag,6.6-Z3-B,ZigZag(2^31-1),build,ZigZag,N=1,na,normal,normal,standalone,2333,193,12.12,true,plans/phase6-primitives-strings-adapter/traces/6.6-集成测试与性能验证.md;construct-rs/bench/results/bench_phase6_csv.json,6.6,6.6 全量 bench
ZigZag,6.6-Z4-P,ZigZag(-2^31),parse,ZigZag,N=1,na,normal,normal,standalone,2784,263,10.60,true,plans/phase6-primitives-strings-adapter/traces/6.6-集成测试与性能验证.md;construct-rs/bench/results/bench_phase6_csv.json,6.6,6.6 全量 bench
ZigZag,6.6-Z4-B,ZigZag(-2^31),build,ZigZag,N=1,na,normal,normal,standalone,2413,198,12.20,true,plans/phase6-primitives-strings-adapter/traces/6.6-集成测试与性能验证.md;construct-rs/bench/results/bench_phase6_csv.json,6.6,6.6 全量 bench
ZigZag,6.6-Z5-P,"Struct{a,b,c: ZigZag}",parse,ZigZag,N=3,na,normal,normal,standalone,3396,290,11.70,true,plans/phase6-primitives-strings-adapter/traces/6.6-集成测试与性能验证.md;construct-rs/bench/results/bench_phase6_csv.json,6.6,6.6 全量 bench
ZigZag,6.6-Z5-B,"Struct{a,b,c: ZigZag}",build,ZigZag,N=3,na,normal,normal,standalone,3137,214,14.64,true,plans/phase6-primitives-strings-adapter/traces/6.6-集成测试与性能验证.md;construct-rs/bench/results/bench_phase6_csv.json,6.6,6.6 全量 bench
BytesInteger,6.6-B1-P,BytesInteger(1) fast-path,parse,BytesInteger,N=1,na,normal,normal,standalone,2070,222,9.31,false,plans/phase6-primitives-strings-adapter/traces/6.6-集成测试与性能验证.md;construct-rs/bench/results/bench_phase6_csv.json,6.6,6.6 全量 bench
BytesInteger,6.6-B1-B,BytesInteger(1) fast-path,build,BytesInteger,N=1,na,normal,normal,standalone,1976,164,12.05,true,plans/phase6-primitives-strings-adapter/traces/6.6-集成测试与性能验证.md;construct-rs/bench/results/bench_phase6_csv.json,6.6,6.6 全量 bench
BytesInteger,6.6-B2-P,BytesInteger(2),parse,BytesInteger,N=1,na,normal,normal,standalone,2052,238,8.62,false,plans/phase6-primitives-strings-adapter/traces/6.6-集成测试与性能验证.md;construct-rs/bench/results/bench_phase6_csv.json,6.6,6.6 全量 bench
BytesInteger,6.6-B2-B,BytesInteger(2),build,BytesInteger,N=1,na,normal,normal,standalone,1973,156,12.68,true,plans/phase6-primitives-strings-adapter/traces/6.6-集成测试与性能验证.md;construct-rs/bench/results/bench_phase6_csv.json,6.6,6.6 全量 bench
BytesInteger,6.6-B3-P,BytesInteger(4),parse,BytesInteger,N=1,na,normal,normal,standalone,2076,222,9.34,false,plans/phase6-primitives-strings-adapter/traces/6.6-集成测试与性能验证.md;construct-rs/bench/results/bench_phase6_csv.json,6.6,6.6 全量 bench
BytesInteger,6.6-B3-B,BytesInteger(4),build,BytesInteger,N=1,na,normal,normal,standalone,1964,155,12.64,true,plans/phase6-primitives-strings-adapter/traces/6.6-集成测试与性能验证.md;construct-rs/bench/results/bench_phase6_csv.json,6.6,6.6 全量 bench
BytesInteger,6.6-B4-P,BytesInteger(8) fast-path 边界,parse,BytesInteger,N=1,na,normal,normal,standalone,2094,225,9.31,false,plans/phase6-primitives-strings-adapter/traces/6.6-集成测试与性能验证.md;construct-rs/bench/results/bench_phase6_csv.json,6.6,6.6 全量 bench
BytesInteger,6.6-B4-B,BytesInteger(8) fast-path 边界,build,BytesInteger,N=1,na,normal,normal,standalone,1989,158,12.58,true,plans/phase6-primitives-strings-adapter/traces/6.6-集成测试与性能验证.md;construct-rs/bench/results/bench_phase6_csv.json,6.6,6.6 全量 bench
BytesInteger,6.6-B5-P,BytesInteger(16) slow-path,parse,BytesInteger,N=1,na,normal,normal,standalone,2067,734,2.82,false,plans/phase6-primitives-strings-adapter/traces/6.6-集成测试与性能验证.md;construct-rs/bench/results/bench_phase6_csv.json,6.6,6.6 全量 bench
BytesInteger,6.6-B5-B,BytesInteger(16) slow-path,build,BytesInteger,N=1,na,normal,normal,standalone,1958,393,4.98,false,plans/phase6-primitives-strings-adapter/traces/6.6-集成测试与性能验证.md;construct-rs/bench/results/bench_phase6_csv.json,6.6,6.6 全量 bench
Float16b,6.6-F16b-F1-P,Float16b 半精度 BE 场景 F1,parse,Float16b,N=1,signed_be,normal,normal,standalone,2002,225,8.92,false,plans/phase6-primitives-strings-adapter/traces/6.6-集成测试与性能验证.md;construct-rs/bench/results/bench_phase6_csv.json,6.6,6.6 全量 bench
Float16b,6.6-F16b-F1-B,Float16b 半精度 BE 场景 F1,build,Float16b,N=1,signed_be,normal,normal,standalone,1847,148,12.49,true,plans/phase6-primitives-strings-adapter/traces/6.6-集成测试与性能验证.md;construct-rs/bench/results/bench_phase6_csv.json,6.6,6.6 全量 bench
Float16b,6.6-F16b-F2-P,Float16b 半精度 BE 场景 F2,parse,Float16b,N=1,signed_be,normal,normal,standalone,1932,227,8.52,false,plans/phase6-primitives-strings-adapter/traces/6.6-集成测试与性能验证.md;construct-rs/bench/results/bench_phase6_csv.json,6.6,6.6 全量 bench
Float16b,6.6-F16b-F2-B,Float16b 半精度 BE 场景 F2,build,Float16b,N=1,signed_be,normal,normal,standalone,1873,151,12.39,true,plans/phase6-primitives-strings-adapter/traces/6.6-集成测试与性能验证.md;construct-rs/bench/results/bench_phase6_csv.json,6.6,6.6 全量 bench
Float16b,6.6-F16b-F3-P,Float16b 半精度 BE 场景 F3,parse,Float16b,N=1,signed_be,normal,normal,standalone,1943,237,8.21,false,plans/phase6-primitives-strings-adapter/traces/6.6-集成测试与性能验证.md;construct-rs/bench/results/bench_phase6_csv.json,6.6,6.6 全量 bench
Float16b,6.6-F16b-F3-B,Float16b 半精度 BE 场景 F3,build,Float16b,N=1,signed_be,normal,normal,standalone,1870,149,12.57,true,plans/phase6-primitives-strings-adapter/traces/6.6-集成测试与性能验证.md;construct-rs/bench/results/bench_phase6_csv.json,6.6,6.6 全量 bench
Float16b,6.6-F16b-F4-P,Float16b 半精度 BE 场景 F4,parse,Float16b,N=1,signed_be,normal,normal,standalone,1916,228,8.40,false,plans/phase6-primitives-strings-adapter/traces/6.6-集成测试与性能验证.md;construct-rs/bench/results/bench_phase6_csv.json,6.6,6.6 全量 bench
Float16b,6.6-F16b-F5-P,Float16b 半精度 BE 场景 F5,parse,Float16b,N=1,signed_be,normal,normal,standalone,1897,233,8.15,false,plans/phase6-primitives-strings-adapter/traces/6.6-集成测试与性能验证.md;construct-rs/bench/results/bench_phase6_csv.json,6.6,6.6 全量 bench
Float16l,6.6-F16l-F1-P,Float16l 半精度 LE 场景 F1,parse,Float16l,N=1,signed_le,normal,normal,standalone,1903,230,8.29,false,plans/phase6-primitives-strings-adapter/traces/6.6-集成测试与性能验证.md;construct-rs/bench/results/bench_phase6_csv.json,6.6,6.6 全量 bench
Float16l,6.6-F16l-F1-B,Float16l 半精度 LE 场景 F1,build,Float16l,N=1,signed_le,normal,normal,standalone,1890,154,12.28,true,plans/phase6-primitives-strings-adapter/traces/6.6-集成测试与性能验证.md;construct-rs/bench/results/bench_phase6_csv.json,6.6,6.6 全量 bench
Float16l,6.6-F16l-F2-P,Float16l 半精度 LE 场景 F2,parse,Float16l,N=1,signed_le,normal,normal,standalone,1943,226,8.59,false,plans/phase6-primitives-strings-adapter/traces/6.6-集成测试与性能验证.md;construct-rs/bench/results/bench_phase6_csv.json,6.6,6.6 全量 bench
Float16l,6.6-F16l-F2-B,Float16l 半精度 LE 场景 F2,build,Float16l,N=1,signed_le,normal,normal,standalone,1919,153,12.52,true,plans/phase6-primitives-strings-adapter/traces/6.6-集成测试与性能验证.md;construct-rs/bench/results/bench_phase6_csv.json,6.6,6.6 全量 bench
Float16l,6.6-F16l-F3-P,Float16l 半精度 LE 场景 F3,parse,Float16l,N=1,signed_le,normal,normal,standalone,1935,227,8.52,false,plans/phase6-primitives-strings-adapter/traces/6.6-集成测试与性能验证.md;construct-rs/bench/results/bench_phase6_csv.json,6.6,6.6 全量 bench
Float16l,6.6-F16l-F3-B,Float16l 半精度 LE 场景 F3,build,Float16l,N=1,signed_le,normal,normal,standalone,1875,153,12.24,true,plans/phase6-primitives-strings-adapter/traces/6.6-集成测试与性能验证.md;construct-rs/bench/results/bench_phase6_csv.json,6.6,6.6 全量 bench
Float16l,6.6-F16l-F4-P,Float16l 半精度 LE 场景 F4,parse,Float16l,N=1,signed_le,normal,normal,standalone,1969,228,8.64,false,plans/phase6-primitives-strings-adapter/traces/6.6-集成测试与性能验证.md;construct-rs/bench/results/bench_phase6_csv.json,6.6,6.6 全量 bench
Float16l,6.6-F16l-F5-P,Float16l 半精度 LE 场景 F5,parse,Float16l,N=1,signed_le,normal,normal,standalone,2038,230,8.87,false,plans/phase6-primitives-strings-adapter/traces/6.6-集成测试与性能验证.md;construct-rs/bench/results/bench_phase6_csv.json,6.6,6.6 全量 bench
Float32b,6.6-F32b-F1-P,Float32b 单精度 BE 场景 F1,parse,Float32b,N=1,signed_be,normal,normal,standalone,1936,227,8.52,false,plans/phase6-primitives-strings-adapter/traces/6.6-集成测试与性能验证.md;construct-rs/bench/results/bench_phase6_csv.json,6.6,6.6 全量 bench
Float32b,6.6-F32b-F1-B,Float32b 单精度 BE 场景 F1,build,Float32b,N=1,signed_be,normal,normal,standalone,1891,150,12.61,true,plans/phase6-primitives-strings-adapter/traces/6.6-集成测试与性能验证.md;construct-rs/bench/results/bench_phase6_csv.json,6.6,6.6 全量 bench
Float32b,6.6-F32b-F2-P,Float32b 单精度 BE 场景 F2,parse,Float32b,N=1,signed_be,normal,normal,standalone,1940,225,8.64,false,plans/phase6-primitives-strings-adapter/traces/6.6-集成测试与性能验证.md;construct-rs/bench/results/bench_phase6_csv.json,6.6,6.6 全量 bench
Float32b,6.6-F32b-F2-B,Float32b 单精度 BE 场景 F2,build,Float32b,N=1,signed_be,normal,normal,standalone,1884,151,12.45,true,plans/phase6-primitives-strings-adapter/traces/6.6-集成测试与性能验证.md;construct-rs/bench/results/bench_phase6_csv.json,6.6,6.6 全量 bench
Float32b,6.6-F32b-F3-P,Float32b 单精度 BE 场景 F3,parse,Float32b,N=1,signed_be,normal,normal,standalone,1972,227,8.69,false,plans/phase6-primitives-strings-adapter/traces/6.6-集成测试与性能验证.md;construct-rs/bench/results/bench_phase6_csv.json,6.6,6.6 全量 bench
Float32b,6.6-F32b-F3-B,Float32b 单精度 BE 场景 F3,build,Float32b,N=1,signed_be,normal,normal,standalone,1882,152,12.42,true,plans/phase6-primitives-strings-adapter/traces/6.6-集成测试与性能验证.md;construct-rs/bench/results/bench_phase6_csv.json,6.6,6.6 全量 bench
Float32b,6.6-F32b-F4-P,Float32b 单精度 BE 场景 F4,parse,Float32b,N=1,signed_be,normal,normal,standalone,1951,227,8.61,false,plans/phase6-primitives-strings-adapter/traces/6.6-集成测试与性能验证.md;construct-rs/bench/results/bench_phase6_csv.json,6.6,6.6 全量 bench
Float32b,6.6-F32b-F4-B,Float32b 单精度 BE 场景 F4,build,Float32b,N=1,signed_be,normal,normal,standalone,1946,151,12.87,true,plans/phase6-primitives-strings-adapter/traces/6.6-集成测试与性能验证.md;construct-rs/bench/results/bench_phase6_csv.json,6.6,6.6 全量 bench
Float32b,6.6-F32b-F5-P,Float32b 单精度 BE 场景 F5,parse,Float32b,N=1,signed_be,normal,normal,standalone,1933,228,8.49,false,plans/phase6-primitives-strings-adapter/traces/6.6-集成测试与性能验证.md;construct-rs/bench/results/bench_phase6_csv.json,6.6,6.6 全量 bench
Float32b,6.6-F32b-F5-B,Float32b 单精度 BE 场景 F5,build,Float32b,N=1,signed_be,normal,normal,standalone,1877,152,12.32,true,plans/phase6-primitives-strings-adapter/traces/6.6-集成测试与性能验证.md;construct-rs/bench/results/bench_phase6_csv.json,6.6,6.6 全量 bench
Float32l,6.6-F32l-F1-P,Float32l 单精度 LE 场景 F1,parse,Float32l,N=1,signed_le,normal,normal,standalone,1958,227,8.62,false,plans/phase6-primitives-strings-adapter/traces/6.6-集成测试与性能验证.md;construct-rs/bench/results/bench_phase6_csv.json,6.6,6.6 全量 bench
Float32l,6.6-F32l-F1-B,Float32l 单精度 LE 场景 F1,build,Float32l,N=1,signed_le,normal,normal,standalone,1857,153,12.15,true,plans/phase6-primitives-strings-adapter/traces/6.6-集成测试与性能验证.md;construct-rs/bench/results/bench_phase6_csv.json,6.6,6.6 全量 bench
Float32l,6.6-F32l-F2-P,Float32l 单精度 LE 场景 F2,parse,Float32l,N=1,signed_le,normal,normal,standalone,1973,228,8.65,false,plans/phase6-primitives-strings-adapter/traces/6.6-集成测试与性能验证.md;construct-rs/bench/results/bench_phase6_csv.json,6.6,6.6 全量 bench
Float32l,6.6-F32l-F2-B,Float32l 单精度 LE 场景 F2,build,Float32l,N=1,signed_le,normal,normal,standalone,1842,154,11.92,true,plans/phase6-primitives-strings-adapter/traces/6.6-集成测试与性能验证.md;construct-rs/bench/results/bench_phase6_csv.json,6.6,6.6 全量 bench
Float32l,6.6-F32l-F3-P,Float32l 单精度 LE 场景 F3,parse,Float32l,N=1,signed_le,normal,normal,standalone,1896,224,8.46,false,plans/phase6-primitives-strings-adapter/traces/6.6-集成测试与性能验证.md;construct-rs/bench/results/bench_phase6_csv.json,6.6,6.6 全量 bench
Float32l,6.6-F32l-F3-B,Float32l 单精度 LE 场景 F3,build,Float32l,N=1,signed_le,normal,normal,standalone,1846,152,12.15,true,plans/phase6-primitives-strings-adapter/traces/6.6-集成测试与性能验证.md;construct-rs/bench/results/bench_phase6_csv.json,6.6,6.6 全量 bench
Float32l,6.6-F32l-F4-P,Float32l 单精度 LE 场景 F4,parse,Float32l,N=1,signed_le,normal,normal,standalone,1935,228,8.47,false,plans/phase6-primitives-strings-adapter/traces/6.6-集成测试与性能验证.md;construct-rs/bench/results/bench_phase6_csv.json,6.6,6.6 全量 bench
Float32l,6.6-F32l-F4-B,Float32l 单精度 LE 场景 F4,build,Float32l,N=1,signed_le,normal,normal,standalone,1938,150,12.89,true,plans/phase6-primitives-strings-adapter/traces/6.6-集成测试与性能验证.md;construct-rs/bench/results/bench_phase6_csv.json,6.6,6.6 全量 bench
Float32l,6.6-F32l-F5-P,Float32l 单精度 LE 场景 F5,parse,Float32l,N=1,signed_le,normal,normal,standalone,1940,224,8.65,false,plans/phase6-primitives-strings-adapter/traces/6.6-集成测试与性能验证.md;construct-rs/bench/results/bench_phase6_csv.json,6.6,6.6 全量 bench
Float32l,6.6-F32l-F5-B,Float32l 单精度 LE 场景 F5,build,Float32l,N=1,signed_le,normal,normal,standalone,1872,151,12.36,true,plans/phase6-primitives-strings-adapter/traces/6.6-集成测试与性能验证.md;construct-rs/bench/results/bench_phase6_csv.json,6.6,6.6 全量 bench
Float64b,6.6-F64b-F1-P,Float64b 双精度 BE 场景 F1,parse,Float64b,N=1,signed_be,normal,normal,standalone,1967,226,8.70,false,plans/phase6-primitives-strings-adapter/traces/6.6-集成测试与性能验证.md;construct-rs/bench/results/bench_phase6_csv.json,6.6,6.6 全量 bench
Float64b,6.6-F64b-F1-B,Float64b 双精度 BE 场景 F1,build,Float64b,N=1,signed_be,normal,normal,standalone,1849,148,12.46,true,plans/phase6-primitives-strings-adapter/traces/6.6-集成测试与性能验证.md;construct-rs/bench/results/bench_phase6_csv.json,6.6,6.6 全量 bench
Float64b,6.6-F64b-F2-P,Float64b 双精度 BE 场景 F2,parse,Float64b,N=1,signed_be,normal,normal,standalone,1978,227,8.71,false,plans/phase6-primitives-strings-adapter/traces/6.6-集成测试与性能验证.md;construct-rs/bench/results/bench_phase6_csv.json,6.6,6.6 全量 bench
Float64b,6.6-F64b-F2-B,Float64b 双精度 BE 场景 F2,build,Float64b,N=1,signed_be,normal,normal,standalone,1868,148,12.60,true,plans/phase6-primitives-strings-adapter/traces/6.6-集成测试与性能验证.md;construct-rs/bench/results/bench_phase6_csv.json,6.6,6.6 全量 bench
Float64b,6.6-F64b-F3-P,Float64b 双精度 BE 场景 F3,parse,Float64b,N=1,signed_be,normal,normal,standalone,1938,225,8.61,false,plans/phase6-primitives-strings-adapter/traces/6.6-集成测试与性能验证.md;construct-rs/bench/results/bench_phase6_csv.json,6.6,6.6 全量 bench
Float64b,6.6-F64b-F3-B,Float64b 双精度 BE 场景 F3,build,Float64b,N=1,signed_be,normal,normal,standalone,1845,147,12.51,true,plans/phase6-primitives-strings-adapter/traces/6.6-集成测试与性能验证.md;construct-rs/bench/results/bench_phase6_csv.json,6.6,6.6 全量 bench
Float64b,6.6-F64b-F4-P,Float64b 双精度 BE 场景 F4,parse,Float64b,N=1,signed_be,normal,normal,standalone,1942,226,8.60,false,plans/phase6-primitives-strings-adapter/traces/6.6-集成测试与性能验证.md;construct-rs/bench/results/bench_phase6_csv.json,6.6,6.6 全量 bench
Float64b,6.6-F64b-F4-B,Float64b 双精度 BE 场景 F4,build,Float64b,N=1,signed_be,normal,normal,standalone,1853,149,12.41,true,plans/phase6-primitives-strings-adapter/traces/6.6-集成测试与性能验证.md;construct-rs/bench/results/bench_phase6_csv.json,6.6,6.6 全量 bench
Float64b,6.6-F64b-F5-P,Float64b 双精度 BE 场景 F5,parse,Float64b,N=1,signed_be,normal,normal,standalone,1978,225,8.79,false,plans/phase6-primitives-strings-adapter/traces/6.6-集成测试与性能验证.md;construct-rs/bench/results/bench_phase6_csv.json,6.6,6.6 全量 bench
Float64b,6.6-F64b-F5-B,Float64b 双精度 BE 场景 F5,build,Float64b,N=1,signed_be,normal,normal,standalone,1923,148,12.96,true,plans/phase6-primitives-strings-adapter/traces/6.6-集成测试与性能验证.md;construct-rs/bench/results/bench_phase6_csv.json,6.6,6.6 全量 bench
Float64l,6.6-F64l-F1-P,Float64l 双精度 LE 场景 F1,parse,Float64l,N=1,signed_le,normal,normal,standalone,1977,226,8.74,false,plans/phase6-primitives-strings-adapter/traces/6.6-集成测试与性能验证.md;construct-rs/bench/results/bench_phase6_csv.json,6.6,6.6 全量 bench
Float64l,6.6-F64l-F1-B,Float64l 双精度 LE 场景 F1,build,Float64l,N=1,signed_le,normal,normal,standalone,1896,147,12.89,true,plans/phase6-primitives-strings-adapter/traces/6.6-集成测试与性能验证.md;construct-rs/bench/results/bench_phase6_csv.json,6.6,6.6 全量 bench
Float64l,6.6-F64l-F2-P,Float64l 双精度 LE 场景 F2,parse,Float64l,N=1,signed_le,normal,normal,standalone,1928,229,8.43,false,plans/phase6-primitives-strings-adapter/traces/6.6-集成测试与性能验证.md;construct-rs/bench/results/bench_phase6_csv.json,6.6,6.6 全量 bench
Float64l,6.6-F64l-F2-B,Float64l 双精度 LE 场景 F2,build,Float64l,N=1,signed_le,normal,normal,standalone,1924,147,13.09,true,plans/phase6-primitives-strings-adapter/traces/6.6-集成测试与性能验证.md;construct-rs/bench/results/bench_phase6_csv.json,6.6,6.6 全量 bench
Float64l,6.6-F64l-F3-P,Float64l 双精度 LE 场景 F3,parse,Float64l,N=1,signed_le,normal,normal,standalone,1962,226,8.68,false,plans/phase6-primitives-strings-adapter/traces/6.6-集成测试与性能验证.md;construct-rs/bench/results/bench_phase6_csv.json,6.6,6.6 全量 bench
Float64l,6.6-F64l-F3-B,Float64l 双精度 LE 场景 F3,build,Float64l,N=1,signed_le,normal,normal,standalone,1847,148,12.46,true,plans/phase6-primitives-strings-adapter/traces/6.6-集成测试与性能验证.md;construct-rs/bench/results/bench_phase6_csv.json,6.6,6.6 全量 bench
Float64l,6.6-F64l-F4-P,Float64l 双精度 LE 场景 F4,parse,Float64l,N=1,signed_le,normal,normal,standalone,1977,226,8.76,false,plans/phase6-primitives-strings-adapter/traces/6.6-集成测试与性能验证.md;construct-rs/bench/results/bench_phase6_csv.json,6.6,6.6 全量 bench
Float64l,6.6-F64l-F4-B,Float64l 双精度 LE 场景 F4,build,Float64l,N=1,signed_le,normal,normal,standalone,1857,147,12.60,true,plans/phase6-primitives-strings-adapter/traces/6.6-集成测试与性能验证.md;construct-rs/bench/results/bench_phase6_csv.json,6.6,6.6 全量 bench
Float64l,6.6-F64l-F5-P,Float64l 双精度 LE 场景 F5,parse,Float64l,N=1,signed_le,normal,normal,standalone,1934,226,8.57,false,plans/phase6-primitives-strings-adapter/traces/6.6-集成测试与性能验证.md;construct-rs/bench/results/bench_phase6_csv.json,6.6,6.6 全量 bench
Float64l,6.6-F64l-F5-B,Float64l 双精度 LE 场景 F5,build,Float64l,N=1,signed_le,normal,normal,standalone,1878,164,11.48,true,plans/phase6-primitives-strings-adapter/traces/6.6-集成测试与性能验证.md;construct-rs/bench/results/bench_phase6_csv.json,6.6,6.6 全量 bench
Int24ub,6.6-I24ub-I1-P,Int24ub 3 字节无符号 BE 场景 I1,parse,Int24ub,N=1,unsigned_be,normal,normal,standalone,2100,222,9.44,false,plans/phase6-primitives-strings-adapter/traces/6.6-集成测试与性能验证.md;construct-rs/bench/results/bench_phase6_csv.json,6.6,6.6 全量 bench
Int24ub,6.6-I24ub-I1-B,Int24ub 3 字节无符号 BE 场景 I1,build,Int24ub,N=1,unsigned_be,normal,normal,standalone,1974,187,10.53,true,plans/phase6-primitives-strings-adapter/traces/6.6-集成测试与性能验证.md;construct-rs/bench/results/bench_phase6_csv.json,6.6,6.6 全量 bench
Int24ub,6.6-I24ub-I2-P,Int24ub 3 字节无符号 BE 场景 I2,parse,Int24ub,N=1,unsigned_be,normal,normal,standalone,2067,226,9.14,false,plans/phase6-primitives-strings-adapter/traces/6.6-集成测试与性能验证.md;construct-rs/bench/results/bench_phase6_csv.json,6.6,6.6 全量 bench
Int24ub,6.6-I24ub-I2-B,Int24ub 3 字节无符号 BE 场景 I2,build,Int24ub,N=1,unsigned_be,normal,normal,standalone,2034,153,13.31,true,plans/phase6-primitives-strings-adapter/traces/6.6-集成测试与性能验证.md;construct-rs/bench/results/bench_phase6_csv.json,6.6,6.6 全量 bench
Int24ub,6.6-I24ub-I3-P,Int24ub 3 字节无符号 BE 场景 I3,parse,Int24ub,N=1,unsigned_be,normal,normal,standalone,2114,229,9.24,false,plans/phase6-primitives-strings-adapter/traces/6.6-集成测试与性能验证.md;construct-rs/bench/results/bench_phase6_csv.json,6.6,6.6 全量 bench
Int24ub,6.6-I24ub-I3-B,Int24ub 3 字节无符号 BE 场景 I3,build,Int24ub,N=1,unsigned_be,normal,normal,standalone,2044,156,13.14,true,plans/phase6-primitives-strings-adapter/traces/6.6-集成测试与性能验证.md;construct-rs/bench/results/bench_phase6_csv.json,6.6,6.6 全量 bench
Int24ul,6.6-I24ul-I1-P,Int24ul 3 字节无符号 LE 场景 I1,parse,Int24ul,N=1,unsigned_le,normal,normal,standalone,2200,222,9.90,false,plans/phase6-primitives-strings-adapter/traces/6.6-集成测试与性能验证.md;construct-rs/bench/results/bench_phase6_csv.json,6.6,6.6 全量 bench
Int24ul,6.6-I24ul-I1-B,Int24ul 3 字节无符号 LE 场景 I1,build,Int24ul,N=1,unsigned_le,normal,normal,standalone,2089,157,13.29,true,plans/phase6-primitives-strings-adapter/traces/6.6-集成测试与性能验证.md;construct-rs/bench/results/bench_phase6_csv.json,6.6,6.6 全量 bench
Int24ul,6.6-I24ul-I2-P,Int24ul 3 字节无符号 LE 场景 I2,parse,Int24ul,N=1,unsigned_le,normal,normal,standalone,2088,229,9.14,false,plans/phase6-primitives-strings-adapter/traces/6.6-集成测试与性能验证.md;construct-rs/bench/results/bench_phase6_csv.json,6.6,6.6 全量 bench
Int24ul,6.6-I24ul-I2-B,Int24ul 3 字节无符号 LE 场景 I2,build,Int24ul,N=1,unsigned_le,normal,normal,standalone,2124,156,13.66,true,plans/phase6-primitives-strings-adapter/traces/6.6-集成测试与性能验证.md;construct-rs/bench/results/bench_phase6_csv.json,6.6,6.6 全量 bench
Int24ul,6.6-I24ul-I3-P,Int24ul 3 字节无符号 LE 场景 I3,parse,Int24ul,N=1,unsigned_le,normal,normal,standalone,2163,253,8.53,false,plans/phase6-primitives-strings-adapter/traces/6.6-集成测试与性能验证.md;construct-rs/bench/results/bench_phase6_csv.json,6.6,6.6 全量 bench
Int24ul,6.6-I24ul-I3-B,Int24ul 3 字节无符号 LE 场景 I3,build,Int24ul,N=1,unsigned_le,normal,normal,standalone,2080,156,13.34,true,plans/phase6-primitives-strings-adapter/traces/6.6-集成测试与性能验证.md;construct-rs/bench/results/bench_phase6_csv.json,6.6,6.6 全量 bench
Int24sb,6.6-I24sb-I1-P,Int24sb 3 字节有符号 BE 场景 I1,parse,Int24sb,N=1,signed_be,normal,normal,standalone,2114,225,9.39,false,plans/phase6-primitives-strings-adapter/traces/6.6-集成测试与性能验证.md;construct-rs/bench/results/bench_phase6_csv.json,6.6,6.6 全量 bench
Int24sb,6.6-I24sb-I1-B,Int24sb 3 字节有符号 BE 场景 I1,build,Int24sb,N=1,signed_be,normal,normal,standalone,1980,150,13.18,true,plans/phase6-primitives-strings-adapter/traces/6.6-集成测试与性能验证.md;construct-rs/bench/results/bench_phase6_csv.json,6.6,6.6 全量 bench
Int24sb,6.6-I24sb-I2-P,Int24sb 3 字节有符号 BE 场景 I2,parse,Int24sb,N=1,signed_be,normal,normal,standalone,2082,253,8.21,false,plans/phase6-primitives-strings-adapter/traces/6.6-集成测试与性能验证.md;construct-rs/bench/results/bench_phase6_csv.json,6.6,6.6 全量 bench
Int24sb,6.6-I24sb-I2-B,Int24sb 3 字节有符号 BE 场景 I2,build,Int24sb,N=1,signed_be,normal,normal,standalone,2122,150,14.18,true,plans/phase6-primitives-strings-adapter/traces/6.6-集成测试与性能验证.md;construct-rs/bench/results/bench_phase6_csv.json,6.6,6.6 全量 bench
Int24sb,6.6-I24sb-I3-P,Int24sb 3 字节有符号 BE 场景 I3,parse,Int24sb,N=1,signed_be,normal,normal,standalone,2091,227,9.22,false,plans/phase6-primitives-strings-adapter/traces/6.6-集成测试与性能验证.md;construct-rs/bench/results/bench_phase6_csv.json,6.6,6.6 全量 bench
Int24sb,6.6-I24sb-I4-P,Int24sb 3 字节有符号 BE 场景 I4 (-1),parse,Int24sb,N=1,signed_be,normal,normal,standalone,2073,225,9.21,false,plans/phase6-primitives-strings-adapter/traces/6.6-集成测试与性能验证.md;construct-rs/bench/results/bench_phase6_csv.json,6.6,6.6 全量 bench
Int24sb,6.6-I24sb-I4-B,Int24sb 3 字节有符号 BE 场景 I4 (-1),build,Int24sb,N=1,signed_be,normal,normal,standalone,2003,157,12.75,true,plans/phase6-primitives-strings-adapter/traces/6.6-集成测试与性能验证.md;construct-rs/bench/results/bench_phase6_csv.json,6.6,6.6 全量 bench
Int24sl,6.6-I24sl-I1-P,Int24sl 3 字节有符号 LE 场景 I1,parse,Int24sl,N=1,signed_le,normal,normal,standalone,2157,226,9.53,false,plans/phase6-primitives-strings-adapter/traces/6.6-集成测试与性能验证.md;construct-rs/bench/results/bench_phase6_csv.json,6.6,6.6 全量 bench
Int24sl,6.6-I24sl-I1-B,Int24sl 3 字节有符号 LE 场景 I1,build,Int24sl,N=1,signed_le,normal,normal,standalone,2026,150,13.52,true,plans/phase6-primitives-strings-adapter/traces/6.6-集成测试与性能验证.md;construct-rs/bench/results/bench_phase6_csv.json,6.6,6.6 全量 bench
Int24sl,6.6-I24sl-I2-P,Int24sl 3 字节有符号 LE 场景 I2,parse,Int24sl,N=1,signed_le,normal,normal,standalone,2145,229,9.36,false,plans/phase6-primitives-strings-adapter/traces/6.6-集成测试与性能验证.md;construct-rs/bench/results/bench_phase6_csv.json,6.6,6.6 全量 bench
Int24sl,6.6-I24sl-I2-B,Int24sl 3 字节有符号 LE 场景 I2,build,Int24sl,N=1,signed_le,normal,normal,standalone,2052,149,13.74,true,plans/phase6-primitives-strings-adapter/traces/6.6-集成测试与性能验证.md;construct-rs/bench/results/bench_phase6_csv.json,6.6,6.6 全量 bench
Int24sl,6.6-I24sl-I3-P,Int24sl 3 字节有符号 LE 场景 I3,parse,Int24sl,N=1,signed_le,normal,normal,standalone,2182,225,9.70,false,plans/phase6-primitives-strings-adapter/traces/6.6-集成测试与性能验证.md;construct-rs/bench/results/bench_phase6_csv.json,6.6,6.6 全量 bench
Int24sl,6.6-I24sl-I4-P,Int24sl 3 字节有符号 LE 场景 I4 (-1),parse,Int24sl,N=1,signed_le,normal,normal,standalone,2159,225,9.60,false,plans/phase6-primitives-strings-adapter/traces/6.6-集成测试与性能验证.md;construct-rs/bench/results/bench_phase6_csv.json,6.6,6.6 全量 bench
Int24sl,6.6-I24sl-I4-B,Int24sl 3 字节有符号 LE 场景 I4 (-1),build,Int24sl,N=1,signed_le,normal,normal,standalone,2068,156,13.22,true,plans/phase6-primitives-strings-adapter/traces/6.6-集成测试与性能验证.md;construct-rs/bench/results/bench_phase6_csv.json,6.6,6.6 全量 bench
Int24ub,6.6-I24ub-ARR-P,"Array(100, Int24ub) N=100",parse,Int24ub,N=100,unsigned_be,normal,normal,nested_in_struct,40252,1448,27.81,true,plans/phase6-primitives-strings-adapter/traces/6.6-集成测试与性能验证.md;construct-rs/bench/results/bench_phase6_csv.json,6.6,6.6 全量 bench
Int24ub,6.6-I24ub-ARR-B,"Array(100, Int24ub) N=100",build,Int24ub,N=100,unsigned_be,normal,normal,nested_in_struct,39356,1371,28.71,true,plans/phase6-primitives-strings-adapter/traces/6.6-集成测试与性能验证.md;construct-rs/bench/results/bench_phase6_csv.json,6.6,6.6 全量 bench
CString,6.6-C1-P,CString 场景 1,parse,CString,N=1,na,normal,normal,standalone,2697,286,9.43,false,plans/phase6-primitives-strings-adapter/traces/6.6-集成测试与性能验证.md;construct-rs/bench/results/bench_phase6_csv.json,6.6,6.6 全量 bench
CString,6.6-C1-B,CString 场景 1,build,CString,N=1,na,normal,normal,standalone,1973,184,10.72,true,plans/phase6-primitives-strings-adapter/traces/6.6-集成测试与性能验证.md;construct-rs/bench/results/bench_phase6_csv.json,6.6,6.6 全量 bench
CString,6.6-C2-P,CString 场景 2,parse,CString,N=1,na,normal,normal,standalone,5773,546,10.58,true,plans/phase6-primitives-strings-adapter/traces/6.6-集成测试与性能验证.md;construct-rs/bench/results/bench_phase6_csv.json,6.6,6.6 全量 bench
CString,6.6-C2-B,CString 场景 2,build,CString,N=1,na,normal,normal,standalone,2025,227,8.92,false,plans/phase6-primitives-strings-adapter/traces/6.6-集成测试与性能验证.md;construct-rs/bench/results/bench_phase6_csv.json,6.6,6.6 全量 bench
CString,6.6-C3-P,CString 场景 3,parse,CString,N=1,na,normal,normal,standalone,2780,284,9.78,false,plans/phase6-primitives-strings-adapter/traces/6.6-集成测试与性能验证.md;construct-rs/bench/results/bench_phase6_csv.json,6.6,6.6 全量 bench
CString,6.6-C3-B,CString 场景 3,build,CString,N=1,na,normal,normal,standalone,2021,190,10.66,true,plans/phase6-primitives-strings-adapter/traces/6.6-集成测试与性能验证.md;construct-rs/bench/results/bench_phase6_csv.json,6.6,6.6 全量 bench
CString,6.6-C4-P,CString 场景 4,parse,CString,N=1,na,normal,normal,standalone,3269,290,11.26,true,plans/phase6-primitives-strings-adapter/traces/6.6-集成测试与性能验证.md;construct-rs/bench/results/bench_phase6_csv.json,6.6,6.6 全量 bench
CString,6.6-C4-B,CString 场景 4,build,CString,N=1,na,normal,normal,standalone,2237,217,10.29,true,plans/phase6-primitives-strings-adapter/traces/6.6-集成测试与性能验证.md;construct-rs/bench/results/bench_phase6_csv.json,6.6,6.6 全量 bench
CString,6.6-C5-P,CString 场景 5,parse,CString,N=1,na,normal,normal,standalone,3160,291,10.84,true,plans/phase6-primitives-strings-adapter/traces/6.6-集成测试与性能验证.md;construct-rs/bench/results/bench_phase6_csv.json,6.6,6.6 全量 bench
CString,6.6-C5-B,CString 场景 5,build,CString,N=1,na,normal,normal,standalone,2278,208,10.98,true,plans/phase6-primitives-strings-adapter/traces/6.6-集成测试与性能验证.md;construct-rs/bench/results/bench_phase6_csv.json,6.6,6.6 全量 bench
GreedyString,6.6-G1-P,GreedyString 场景 1,parse,GreedyString,N=1,na,normal,normal,standalone,1981,240,8.25,false,plans/phase6-primitives-strings-adapter/traces/6.6-集成测试与性能验证.md;construct-rs/bench/results/bench_phase6_csv.json,6.6,6.6 全量 bench
GreedyString,6.6-G1-B,GreedyString 场景 1,build,GreedyString,N=1,na,normal,normal,standalone,1918,189,10.17,true,plans/phase6-primitives-strings-adapter/traces/6.6-集成测试与性能验证.md;construct-rs/bench/results/bench_phase6_csv.json,6.6,6.6 全量 bench
GreedyString,6.6-G2-P,GreedyString 场景 2,parse,GreedyString,N=1,na,normal,normal,standalone,1986,253,7.86,false,plans/phase6-primitives-strings-adapter/traces/6.6-集成测试与性能验证.md;construct-rs/bench/results/bench_phase6_csv.json,6.6,6.6 全量 bench
GreedyString,6.6-G2-B,GreedyString 场景 2,build,GreedyString,N=1,na,normal,normal,standalone,1900,189,10.05,true,plans/phase6-primitives-strings-adapter/traces/6.6-集成测试与性能验证.md;construct-rs/bench/results/bench_phase6_csv.json,6.6,6.6 全量 bench
GreedyString,6.6-G3-P,GreedyString 场景 3,parse,GreedyString,N=1,na,normal,normal,standalone,2015,245,8.21,false,plans/phase6-primitives-strings-adapter/traces/6.6-集成测试与性能验证.md;construct-rs/bench/results/bench_phase6_csv.json,6.6,6.6 全量 bench
GreedyString,6.6-G3-B,GreedyString 场景 3,build,GreedyString,N=1,na,normal,normal,standalone,2001,185,10.81,true,plans/phase6-primitives-strings-adapter/traces/6.6-集成测试与性能验证.md;construct-rs/bench/results/bench_phase6_csv.json,6.6,6.6 全量 bench
GreedyString,6.6-G4-P,GreedyString 场景 4,parse,GreedyString,N=1,na,normal,normal,standalone,2315,242,9.56,false,plans/phase6-primitives-strings-adapter/traces/6.6-集成测试与性能验证.md;construct-rs/bench/results/bench_phase6_csv.json,6.6,6.6 全量 bench
GreedyString,6.6-G4-B,GreedyString 场景 4,build,GreedyString,N=1,na,normal,normal,standalone,2080,201,10.33,true,plans/phase6-primitives-strings-adapter/traces/6.6-集成测试与性能验证.md;construct-rs/bench/results/bench_phase6_csv.json,6.6,6.6 全量 bench
GreedyString,6.6-G5-P,GreedyString 场景 5,parse,GreedyString,N=1,na,normal,normal,standalone,2259,248,9.11,false,plans/phase6-primitives-strings-adapter/traces/6.6-集成测试与性能验证.md;construct-rs/bench/results/bench_phase6_csv.json,6.6,6.6 全量 bench
GreedyString,6.6-G5-B,GreedyString 场景 5,build,GreedyString,N=1,na,normal,normal,standalone,2048,208,9.85,false,plans/phase6-primitives-strings-adapter/traces/6.6-集成测试与性能验证.md;construct-rs/bench/results/bench_phase6_csv.json,6.6,6.6 全量 bench
PaddedString,6.6-P1-P,PaddedString 场景 1,parse,PaddedString,N=1,na,normal,normal,standalone,3205,244,13.11,true,plans/phase6-primitives-strings-adapter/traces/6.6-集成测试与性能验证.md;construct-rs/bench/results/bench_phase6_csv.json,6.6,6.6 全量 bench
PaddedString,6.6-P1-B,PaddedString 场景 1,build,PaddedString,N=1,na,normal,normal,standalone,2397,206,11.66,true,plans/phase6-primitives-strings-adapter/traces/6.6-集成测试与性能验证.md;construct-rs/bench/results/bench_phase6_csv.json,6.6,6.6 全量 bench
PaddedString,6.6-P2-P,PaddedString 场景 2,parse,PaddedString,N=1,na,normal,normal,standalone,3380,280,12.06,true,plans/phase6-primitives-strings-adapter/traces/6.6-集成测试与性能验证.md;construct-rs/bench/results/bench_phase6_csv.json,6.6,6.6 全量 bench
PaddedString,6.6-P2-B,PaddedString 场景 2,build,PaddedString,N=1,na,normal,normal,standalone,2394,262,9.16,false,plans/phase6-primitives-strings-adapter/traces/6.6-集成测试与性能验证.md;construct-rs/bench/results/bench_phase6_csv.json,6.6,6.6 全量 bench
PaddedString,6.6-P3-P,PaddedString 场景 3,parse,PaddedString,N=1,na,normal,normal,standalone,3231,248,13.05,true,plans/phase6-primitives-strings-adapter/traces/6.6-集成测试与性能验证.md;construct-rs/bench/results/bench_phase6_csv.json,6.6,6.6 全量 bench
PaddedString,6.6-P3-B,PaddedString 场景 3,build,PaddedString,N=1,na,normal,normal,standalone,2308,211,10.93,true,plans/phase6-primitives-strings-adapter/traces/6.6-集成测试与性能验证.md;construct-rs/bench/results/bench_phase6_csv.json,6.6,6.6 全量 bench
PaddedString,6.6-P4-P,PaddedString 场景 4,parse,PaddedString,N=1,na,normal,normal,standalone,3778,255,14.82,true,plans/phase6-primitives-strings-adapter/traces/6.6-集成测试与性能验证.md;construct-rs/bench/results/bench_phase6_csv.json,6.6,6.6 全量 bench
PaddedString,6.6-P4-B,PaddedString 场景 4,build,PaddedString,N=1,na,normal,normal,standalone,2520,225,11.22,true,plans/phase6-primitives-strings-adapter/traces/6.6-集成测试与性能验证.md;construct-rs/bench/results/bench_phase6_csv.json,6.6,6.6 全量 bench
PaddedString,6.6-P5-P,PaddedString 场景 5,parse,PaddedString,N=1,na,normal,normal,standalone,3908,257,15.19,true,plans/phase6-primitives-strings-adapter/traces/6.6-集成测试与性能验证.md;construct-rs/bench/results/bench_phase6_csv.json,6.6,6.6 全量 bench
PaddedString,6.6-P5-B,PaddedString 场景 5,build,PaddedString,N=1,na,normal,normal,standalone,2437,227,10.74,true,plans/phase6-primitives-strings-adapter/traces/6.6-集成测试与性能验证.md;construct-rs/bench/results/bench_phase6_csv.json,6.6,6.6 全量 bench
PascalString,6.6-PS1-P,PascalString 场景 1,parse,PascalString,N=1,na,normal,normal,standalone,2777,255,10.88,true,plans/phase6-primitives-strings-adapter/traces/6.6-集成测试与性能验证.md;construct-rs/bench/results/bench_phase6_csv.json,6.6,6.6 全量 bench
PascalString,6.6-PS1-B,PascalString 场景 1,build,PascalString,N=1,na,normal,normal,standalone,2293,193,11.87,true,plans/phase6-primitives-strings-adapter/traces/6.6-集成测试与性能验证.md;construct-rs/bench/results/bench_phase6_csv.json,6.6,6.6 全量 bench
PascalString,6.6-PS2-P,PascalString 场景 2,parse,PascalString,N=1,na,normal,normal,standalone,2852,274,10.42,true,plans/phase6-primitives-strings-adapter/traces/6.6-集成测试与性能验证.md;construct-rs/bench/results/bench_phase6_csv.json,6.6,6.6 全量 bench
PascalString,6.6-PS2-B,PascalString 场景 2,build,PascalString,N=1,na,normal,normal,standalone,2341,256,9.16,false,plans/phase6-primitives-strings-adapter/traces/6.6-集成测试与性能验证.md;construct-rs/bench/results/bench_phase6_csv.json,6.6,6.6 全量 bench
PascalString,6.6-PS3-P,PascalString 场景 3,parse,PascalString,N=1,na,normal,normal,standalone,2755,254,10.85,true,plans/phase6-primitives-strings-adapter/traces/6.6-集成测试与性能验证.md;construct-rs/bench/results/bench_phase6_csv.json,6.6,6.6 全量 bench
PascalString,6.6-PS3-B,PascalString 场景 3,build,PascalString,N=1,na,normal,normal,standalone,2296,198,11.57,true,plans/phase6-primitives-strings-adapter/traces/6.6-集成测试与性能验证.md;construct-rs/bench/results/bench_phase6_csv.json,6.6,6.6 全量 bench
PascalString,6.6-PS4-P,PascalString 场景 4,parse,PascalString,N=1,na,normal,normal,standalone,2815,253,11.12,true,plans/phase6-primitives-strings-adapter/traces/6.6-集成测试与性能验证.md;construct-rs/bench/results/bench_phase6_csv.json,6.6,6.6 全量 bench
PascalString,6.6-PS4-B,PascalString 场景 4,build,PascalString,N=1,na,normal,normal,standalone,2371,197,12.02,true,plans/phase6-primitives-strings-adapter/traces/6.6-集成测试与性能验证.md;construct-rs/bench/results/bench_phase6_csv.json,6.6,6.6 全量 bench
PascalString,6.6-PS5-P,PascalString 场景 5,parse,PascalString,N=1,na,normal,normal,standalone,3101,264,11.76,true,plans/phase6-primitives-strings-adapter/traces/6.6-集成测试与性能验证.md;construct-rs/bench/results/bench_phase6_csv.json,6.6,6.6 全量 bench
PascalString,6.6-PS5-B,PascalString 场景 5,build,PascalString,N=1,na,normal,normal,standalone,2508,215,11.65,true,plans/phase6-primitives-strings-adapter/traces/6.6-集成测试与性能验证.md;construct-rs/bench/results/bench_phase6_csv.json,6.6,6.6 全量 bench
NullTerminated,6.6-NT1-P,NullTerminated 场景 1,parse,NullTerminated,N=1,na,normal,normal,standalone,2619,277,9.44,false,plans/phase6-primitives-strings-adapter/traces/6.6-集成测试与性能验证.md;construct-rs/bench/results/bench_phase6_csv.json,6.6,6.6 全量 bench
NullTerminated,6.6-NT1-B,NullTerminated 场景 1,build,NullTerminated,N=1,na,normal,normal,standalone,1936,161,12.03,true,plans/phase6-primitives-strings-adapter/traces/6.6-集成测试与性能验证.md;construct-rs/bench/results/bench_phase6_csv.json,6.6,6.6 全量 bench
NullTerminated,6.6-NT2-P,NullTerminated 场景 2,parse,NullTerminated,N=1,na,normal,normal,standalone,8791,675,13.02,true,plans/phase6-primitives-strings-adapter/traces/6.6-集成测试与性能验证.md;construct-rs/bench/results/bench_phase6_csv.json,6.6,6.6 全量 bench
NullTerminated,6.6-NT2-B,NullTerminated 场景 2,build,NullTerminated,N=1,na,normal,normal,standalone,1927,216,8.93,false,plans/phase6-primitives-strings-adapter/traces/6.6-集成测试与性能验证.md;construct-rs/bench/results/bench_phase6_csv.json,6.6,6.6 全量 bench
NullTerminated,6.6-NT3-P,NullTerminated 场景 3,parse,NullTerminated,N=1,na,normal,normal,standalone,2608,268,9.75,false,plans/phase6-primitives-strings-adapter/traces/6.6-集成测试与性能验证.md;construct-rs/bench/results/bench_phase6_csv.json,6.6,6.6 全量 bench
NullTerminated,6.6-NT3-B,NullTerminated 场景 3,build,NullTerminated,N=1,na,normal,normal,standalone,1978,159,12.41,true,plans/phase6-primitives-strings-adapter/traces/6.6-集成测试与性能验证.md;construct-rs/bench/results/bench_phase6_csv.json,6.6,6.6 全量 bench
NullTerminated,6.6-NT4-P,NullTerminated 场景 4,parse,NullTerminated,N=1,na,normal,normal,standalone,2570,275,9.35,false,plans/phase6-primitives-strings-adapter/traces/6.6-集成测试与性能验证.md;construct-rs/bench/results/bench_phase6_csv.json,6.6,6.6 全量 bench
NullTerminated,6.6-NT4-B,NullTerminated 场景 4,build,NullTerminated,N=1,na,normal,normal,standalone,1908,161,11.84,true,plans/phase6-primitives-strings-adapter/traces/6.6-集成测试与性能验证.md;construct-rs/bench/results/bench_phase6_csv.json,6.6,6.6 全量 bench
NullTerminated,6.6-NT5-B,NullTerminated 场景 5,build,NullTerminated,N=1,na,normal,normal,standalone,1985,160,12.44,true,plans/phase6-primitives-strings-adapter/traces/6.6-集成测试与性能验证.md;construct-rs/bench/results/bench_phase6_csv.json,6.6,6.6 全量 bench
NullStripped,6.6-NS1-P,NullStripped 场景 1,parse,NullStripped,N=1,na,normal,normal,standalone,2371,235,10.10,true,plans/phase6-primitives-strings-adapter/traces/6.6-集成测试与性能验证.md;construct-rs/bench/results/bench_phase6_csv.json,6.6,6.6 全量 bench
NullStripped,6.6-NS1-B,NullStripped 场景 1,build,NullStripped,N=1,na,normal,normal,standalone,1840,158,11.65,true,plans/phase6-primitives-strings-adapter/traces/6.6-集成测试与性能验证.md;construct-rs/bench/results/bench_phase6_csv.json,6.6,6.6 全量 bench
NullStripped,6.6-NS2-P,NullStripped 场景 2,parse,NullStripped,N=1,na,normal,normal,standalone,2659,239,11.13,true,plans/phase6-primitives-strings-adapter/traces/6.6-集成测试与性能验证.md;construct-rs/bench/results/bench_phase6_csv.json,6.6,6.6 全量 bench
NullStripped,6.6-NS2-B,NullStripped 场景 2,build,NullStripped,N=1,na,normal,normal,standalone,1846,158,11.69,true,plans/phase6-primitives-strings-adapter/traces/6.6-集成测试与性能验证.md;construct-rs/bench/results/bench_phase6_csv.json,6.6,6.6 全量 bench
NullStripped,6.6-NS3-P,NullStripped 场景 3,parse,NullStripped,N=1,na,normal,normal,standalone,2505,234,10.72,true,plans/phase6-primitives-strings-adapter/traces/6.6-集成测试与性能验证.md;construct-rs/bench/results/bench_phase6_csv.json,6.6,6.6 全量 bench
NullStripped,6.6-NS3-B,NullStripped 场景 3,build,NullStripped,N=1,na,normal,normal,standalone,1847,143,12.88,true,plans/phase6-primitives-strings-adapter/traces/6.6-集成测试与性能验证.md;construct-rs/bench/results/bench_phase6_csv.json,6.6,6.6 全量 bench
NullStripped,6.6-NS4-P,NullStripped 场景 4,parse,NullStripped,N=1,na,normal,normal,standalone,2454,237,10.34,true,plans/phase6-primitives-strings-adapter/traces/6.6-集成测试与性能验证.md;construct-rs/bench/results/bench_phase6_csv.json,6.6,6.6 全量 bench
NullStripped,6.6-NS4-B,NullStripped 场景 4,build,NullStripped,N=1,na,normal,normal,standalone,1852,158,11.74,true,plans/phase6-primitives-strings-adapter/traces/6.6-集成测试与性能验证.md;construct-rs/bench/results/bench_phase6_csv.json,6.6,6.6 全量 bench
NullStripped,6.6-NS5-P,NullStripped 场景 5,parse,NullStripped,N=1,na,normal,normal,standalone,2458,233,10.57,true,plans/phase6-primitives-strings-adapter/traces/6.6-集成测试与性能验证.md;construct-rs/bench/results/bench_phase6_csv.json,6.6,6.6 全量 bench
NullStripped,6.6-NS5-B,NullStripped 场景 5,build,NullStripped,N=1,na,normal,normal,standalone,1920,158,12.18,true,plans/phase6-primitives-strings-adapter/traces/6.6-集成测试与性能验证.md;construct-rs/bench/results/bench_phase6_csv.json,6.6,6.6 全量 bench
Subconstruct,6.6-SC1-P,Subconstruct 场景 1,parse,Subconstruct,N=1,na,normal,normal,standalone,1988,224,8.86,false,plans/phase6-primitives-strings-adapter/traces/6.6-集成测试与性能验证.md;construct-rs/bench/results/bench_phase6_csv.json,6.6,6.6 全量 bench
Subconstruct,6.6-SC1-B,Subconstruct 场景 1,build,Subconstruct,N=1,na,normal,normal,standalone,1844,140,13.17,true,plans/phase6-primitives-strings-adapter/traces/6.6-集成测试与性能验证.md;construct-rs/bench/results/bench_phase6_csv.json,6.6,6.6 全量 bench
Subconstruct,6.6-SC2-P,Subconstruct 场景 2,parse,Subconstruct,N=1,na,normal,normal,standalone,2011,224,8.99,false,plans/phase6-primitives-strings-adapter/traces/6.6-集成测试与性能验证.md;construct-rs/bench/results/bench_phase6_csv.json,6.6,6.6 全量 bench
Subconstruct,6.6-SC2-B,Subconstruct 场景 2,build,Subconstruct,N=1,na,normal,normal,standalone,1892,151,12.55,true,plans/phase6-primitives-strings-adapter/traces/6.6-集成测试与性能验证.md;construct-rs/bench/results/bench_phase6_csv.json,6.6,6.6 全量 bench
Subconstruct,6.6-SC3-P,Subconstruct 场景 3,parse,Subconstruct,N=1,na,normal,normal,standalone,1935,234,8.28,false,plans/phase6-primitives-strings-adapter/traces/6.6-集成测试与性能验证.md;construct-rs/bench/results/bench_phase6_csv.json,6.6,6.6 全量 bench
Subconstruct,6.6-SC3-B,Subconstruct 场景 3,build,Subconstruct,N=1,na,normal,normal,standalone,1901,153,12.42,true,plans/phase6-primitives-strings-adapter/traces/6.6-集成测试与性能验证.md;construct-rs/bench/results/bench_phase6_csv.json,6.6,6.6 全量 bench
Subconstruct,6.6-SC4-P,Subconstruct 场景 4,parse,Subconstruct,N=1,na,normal,normal,standalone,2566,249,10.31,true,plans/phase6-primitives-strings-adapter/traces/6.6-集成测试与性能验证.md;construct-rs/bench/results/bench_phase6_csv.json,6.6,6.6 全量 bench
Subconstruct,6.6-SC4-B,Subconstruct 场景 4,build,Subconstruct,N=1,na,normal,normal,standalone,2238,173,12.94,true,plans/phase6-primitives-strings-adapter/traces/6.6-集成测试与性能验证.md;construct-rs/bench/results/bench_phase6_csv.json,6.6,6.6 全量 bench
Subconstruct,6.6-SC5-P,Subconstruct 场景 5,parse,Subconstruct,N=1,na,normal,normal,standalone,32050,1308,24.51,true,plans/phase6-primitives-strings-adapter/traces/6.6-集成测试与性能验证.md;construct-rs/bench/results/bench_phase6_csv.json,6.6,6.6 全量 bench
Subconstruct,6.6-SC5-B,Subconstruct 场景 5,build,Subconstruct,N=1,na,normal,normal,standalone,27714,1154,24.02,true,plans/phase6-primitives-strings-adapter/traces/6.6-集成测试与性能验证.md;construct-rs/bench/results/bench_phase6_csv.json,6.6,6.6 全量 bench
Peek,6.6-PK1-P,Peek 场景 1,parse,Peek,N=1,na,normal,normal,nested_in_struct,2560,253,10.10,true,plans/phase6-primitives-strings-adapter/traces/6.6-集成测试与性能验证.md;construct-rs/bench/results/bench_phase6_csv.json,6.6,6.6 全量 bench
Peek,6.6-PK1-B,Peek 场景 1,build,Peek,N=1,na,normal,normal,nested_in_struct,2142,154,13.94,true,plans/phase6-primitives-strings-adapter/traces/6.6-集成测试与性能验证.md;construct-rs/bench/results/bench_phase6_csv.json,6.6,6.6 全量 bench
Peek,6.6-PK2-P,Peek 场景 2,parse,Peek,N=1,na,normal,normal,nested_in_struct,2569,263,9.79,false,plans/phase6-primitives-strings-adapter/traces/6.6-集成测试与性能验证.md;construct-rs/bench/results/bench_phase6_csv.json,6.6,6.6 全量 bench
Peek,6.6-PK2-B,Peek 场景 2,build,Peek,N=1,na,normal,normal,nested_in_struct,2067,167,12.39,true,plans/phase6-primitives-strings-adapter/traces/6.6-集成测试与性能验证.md;construct-rs/bench/results/bench_phase6_csv.json,6.6,6.6 全量 bench
Peek,6.6-PK3-P,Peek 场景 3,parse,Peek,N=1,na,normal,normal,nested_in_struct,3146,276,11.40,true,plans/phase6-primitives-strings-adapter/traces/6.6-集成测试与性能验证.md;construct-rs/bench/results/bench_phase6_csv.json,6.6,6.6 全量 bench
Peek,6.6-PK3-B,Peek 场景 3,build,Peek,N=1,na,normal,normal,nested_in_struct,2370,167,14.18,true,plans/phase6-primitives-strings-adapter/traces/6.6-集成测试与性能验证.md;construct-rs/bench/results/bench_phase6_csv.json,6.6,6.6 全量 bench
Peek,6.6-PK4-P,Peek 场景 4,parse,Peek,N=1,na,normal,normal,nested_in_struct,3592,348,10.33,true,plans/phase6-primitives-strings-adapter/traces/6.6-集成测试与性能验证.md;construct-rs/bench/results/bench_phase6_csv.json,6.6,6.6 全量 bench
Peek,6.6-PK4-B,Peek 场景 4,build,Peek,N=1,na,normal,normal,nested_in_struct,2144,153,13.99,true,plans/phase6-primitives-strings-adapter/traces/6.6-集成测试与性能验证.md;construct-rs/bench/results/bench_phase6_csv.json,6.6,6.6 全量 bench
Peek,6.6-PK5-P,Peek 场景 5,parse,Peek,N=1,na,normal,normal,nested_in_struct,2968,272,10.92,true,plans/phase6-primitives-strings-adapter/traces/6.6-集成测试与性能验证.md;construct-rs/bench/results/bench_phase6_csv.json,6.6,6.6 全量 bench
Peek,6.6-PK5-B,Peek 场景 5,build,Peek,N=1,na,normal,normal,nested_in_struct,2136,162,13.16,true,plans/phase6-primitives-strings-adapter/traces/6.6-集成测试与性能验证.md;construct-rs/bench/results/bench_phase6_csv.json,6.6,6.6 全量 bench
RawCopy,6.6-RC1-P,RawCopy 场景 1,parse,RawCopy,N=1,na,normal,normal,nested_in_struct,2345,433,5.41,false,plans/phase6-primitives-strings-adapter/traces/6.6-集成测试与性能验证.md;construct-rs/bench/results/bench_phase6_csv.json,6.6,6.6 全量 bench
RawCopy,6.6-RC1-B,RawCopy 场景 1,build,RawCopy,N=1,na,normal,normal,nested_in_struct,2103,244,8.62,false,plans/phase6-primitives-strings-adapter/traces/6.6-集成测试与性能验证.md;construct-rs/bench/results/bench_phase6_csv.json,6.6,6.6 全量 bench
RawCopy,6.6-RC2-P,RawCopy 场景 2,parse,RawCopy,N=1,na,normal,normal,nested_in_struct,2329,452,5.15,false,plans/phase6-primitives-strings-adapter/traces/6.6-集成测试与性能验证.md;construct-rs/bench/results/bench_phase6_csv.json,6.6,6.6 全量 bench
RawCopy,6.6-RC2-B,RawCopy 场景 2,build,RawCopy,N=1,na,normal,normal,nested_in_struct,2126,252,8.45,false,plans/phase6-primitives-strings-adapter/traces/6.6-集成测试与性能验证.md;construct-rs/bench/results/bench_phase6_csv.json,6.6,6.6 全量 bench
RawCopy,6.6-RC3-P,RawCopy 场景 3,parse,RawCopy,N=1,na,normal,normal,nested_in_struct,2286,459,4.98,false,plans/phase6-primitives-strings-adapter/traces/6.6-集成测试与性能验证.md;construct-rs/bench/results/bench_phase6_csv.json,6.6,6.6 全量 bench
RawCopy,6.6-RC3-B,RawCopy 场景 3,build,RawCopy,N=1,na,normal,normal,nested_in_struct,2043,249,8.19,false,plans/phase6-primitives-strings-adapter/traces/6.6-集成测试与性能验证.md;construct-rs/bench/results/bench_phase6_csv.json,6.6,6.6 全量 bench
RawCopy,6.6-RC4-P,RawCopy 场景 4,parse,RawCopy,N=1,na,normal,normal,nested_in_struct,2786,455,6.12,false,plans/phase6-primitives-strings-adapter/traces/6.6-集成测试与性能验证.md;construct-rs/bench/results/bench_phase6_csv.json,6.6,6.6 全量 bench
RawCopy,6.6-RC4-B,RawCopy 场景 4,build,RawCopy,N=1,na,normal,normal,nested_in_struct,2659,276,9.63,false,plans/phase6-primitives-strings-adapter/traces/6.6-集成测试与性能验证.md;construct-rs/bench/results/bench_phase6_csv.json,6.6,6.6 全量 bench
RawCopy,6.6-RC5-P,RawCopy 场景 5,parse,RawCopy,N=1,na,normal,normal,nested_in_struct,67929,19549,3.47,false,plans/phase6-primitives-strings-adapter/traces/6.6-集成测试与性能验证.md;construct-rs/bench/results/bench_phase6_csv.json,6.6,6.6 全量 bench
RawCopy,6.6-RC5-B,RawCopy 场景 5,build,RawCopy,N=1,na,normal,normal,nested_in_struct,52375,10091,5.19,false,plans/phase6-primitives-strings-adapter/traces/6.6-集成测试与性能验证.md;construct-rs/bench/results/bench_phase6_csv.json,6.6,6.6 全量 bench
Rebuild,6.6-RB1-P,Rebuild 场景 1,parse,Rebuild,N=1,na,normal,normal,nested_in_struct,2510,252,9.97,false,plans/phase6-primitives-strings-adapter/traces/6.6-集成测试与性能验证.md;construct-rs/bench/results/bench_phase6_csv.json,6.6,6.6 全量 bench
Rebuild,6.6-RB1-B,Rebuild 场景 1,build,Rebuild,N=1,na,normal,normal,nested_in_struct,2507,242,10.37,true,plans/phase6-primitives-strings-adapter/traces/6.6-集成测试与性能验证.md;construct-rs/bench/results/bench_phase6_csv.json,6.6,6.6 全量 bench
Rebuild,6.6-RB2-P,Rebuild 场景 2,parse,Rebuild,N=1,na,normal,normal,nested_in_struct,2470,255,9.70,false,plans/phase6-primitives-strings-adapter/traces/6.6-集成测试与性能验证.md;construct-rs/bench/results/bench_phase6_csv.json,6.6,6.6 全量 bench
Rebuild,6.6-RB2-B,Rebuild 场景 2,build,Rebuild,N=1,na,normal,normal,nested_in_struct,2510,240,10.46,true,plans/phase6-primitives-strings-adapter/traces/6.6-集成测试与性能验证.md;construct-rs/bench/results/bench_phase6_csv.json,6.6,6.6 全量 bench
Rebuild,6.6-RB3-P,Rebuild 场景 3,parse,Rebuild,N=1,na,normal,normal,nested_in_struct,2472,253,9.76,false,plans/phase6-primitives-strings-adapter/traces/6.6-集成测试与性能验证.md;construct-rs/bench/results/bench_phase6_csv.json,6.6,6.6 全量 bench
Rebuild,6.6-RB3-B,Rebuild 场景 3,build,Rebuild,N=1,na,normal,normal,nested_in_struct,2576,240,10.72,true,plans/phase6-primitives-strings-adapter/traces/6.6-集成测试与性能验证.md;construct-rs/bench/results/bench_phase6_csv.json,6.6,6.6 全量 bench
Rebuild,6.6-RB4-P,Rebuild 场景 4,parse,Rebuild,N=1,na,normal,normal,nested_in_struct,2838,275,10.34,true,plans/phase6-primitives-strings-adapter/traces/6.6-集成测试与性能验证.md;construct-rs/bench/results/bench_phase6_csv.json,6.6,6.6 全量 bench
Rebuild,6.6-RB4-B,Rebuild 场景 4,build,Rebuild,N=1,na,normal,normal,nested_in_struct,2849,285,10.01,true,plans/phase6-primitives-strings-adapter/traces/6.6-集成测试与性能验证.md;construct-rs/bench/results/bench_phase6_csv.json,6.6,6.6 全量 bench
Rebuild,6.6-RB5-P,Rebuild 场景 5,parse,Rebuild,N=1,na,normal,normal,nested_in_struct,2794,284,9.85,false,plans/phase6-primitives-strings-adapter/traces/6.6-集成测试与性能验证.md;construct-rs/bench/results/bench_phase6_csv.json,6.6,6.6 全量 bench
Rebuild,6.6-RB5-B,Rebuild 场景 5,build,Rebuild,N=1,na,normal,normal,nested_in_struct,2938,279,10.54,true,plans/phase6-primitives-strings-adapter/traces/6.6-集成测试与性能验证.md;construct-rs/bench/results/bench_phase6_csv.json,6.6,6.6 全量 bench
Pass,6.6-PA1-P,Pass 场景 1,parse,Pass,N=1,na,normal,normal,nested_in_struct,2255,247,9.13,false,plans/phase6-primitives-strings-adapter/traces/6.6-集成测试与性能验证.md;construct-rs/bench/results/bench_phase6_csv.json,6.6,6.6 全量 bench
Pass,6.6-PA1-B,Pass 场景 1,build,Pass,N=1,na,normal,normal,nested_in_struct,2101,153,13.77,true,plans/phase6-primitives-strings-adapter/traces/6.6-集成测试与性能验证.md;construct-rs/bench/results/bench_phase6_csv.json,6.6,6.6 全量 bench
Pass,6.6-PA2-P,Pass 场景 2,parse,Pass,N=1,na,normal,normal,nested_in_struct,2268,244,9.28,false,plans/phase6-primitives-strings-adapter/traces/6.6-集成测试与性能验证.md;construct-rs/bench/results/bench_phase6_csv.json,6.6,6.6 全量 bench
Pass,6.6-PA2-B,Pass 场景 2,build,Pass,N=1,na,normal,normal,nested_in_struct,2125,151,14.05,true,plans/phase6-primitives-strings-adapter/traces/6.6-集成测试与性能验证.md;construct-rs/bench/results/bench_phase6_csv.json,6.6,6.6 全量 bench
Pass,6.6-PA3-P,Pass 场景 3,parse,Pass,N=1,na,normal,normal,nested_in_struct,2781,264,10.55,true,plans/phase6-primitives-strings-adapter/traces/6.6-集成测试与性能验证.md;construct-rs/bench/results/bench_phase6_csv.json,6.6,6.6 全量 bench
Pass,6.6-PA3-B,Pass 场景 3,build,Pass,N=1,na,normal,normal,nested_in_struct,2472,184,13.42,true,plans/phase6-primitives-strings-adapter/traces/6.6-集成测试与性能验证.md;construct-rs/bench/results/bench_phase6_csv.json,6.6,6.6 全量 bench
Pass,6.6-PA4-P,Pass 场景 4,parse,Pass,N=1,na,normal,normal,nested_in_struct,1784,214,8.34,false,plans/phase6-primitives-strings-adapter/traces/6.6-集成测试与性能验证.md;construct-rs/bench/results/bench_phase6_csv.json,6.6,6.6 全量 bench
Pass,6.6-PA4-B,Pass 场景 4,build,Pass,N=1,na,normal,normal,nested_in_struct,1662,101,16.43,true,plans/phase6-primitives-strings-adapter/traces/6.6-集成测试与性能验证.md;construct-rs/bench/results/bench_phase6_csv.json,6.6,6.6 全量 bench
Pass,6.6-PA5-P,Pass 场景 5,parse,Pass,N=1,na,normal,normal,nested_in_struct,2908,295,9.85,false,plans/phase6-primitives-strings-adapter/traces/6.6-集成测试与性能验证.md;construct-rs/bench/results/bench_phase6_csv.json,6.6,6.6 全量 bench
Pass,6.6-PA5-B,Pass 场景 5,build,Pass,N=1,na,normal,normal,nested_in_struct,2668,199,13.40,true,plans/phase6-primitives-strings-adapter/traces/6.6-集成测试与性能验证.md;construct-rs/bench/results/bench_phase6_csv.json,6.6,6.6 全量 bench
IfThenElse,7.3-ITE1-P,常量 cond=True → then=Int8ub,parse,IfThenElse,N=1,na,normal,nested_in_struct,nested_in_struct,2085,270,7.73,false,construct-rs/bench/results/bench_phase7_csv.json;plans/phase7-conditional-streams/traces/7.3-集成测试与性能验证.md,7.3,Phase 7.3 全量 bench
IfThenElse,7.3-ITE1-B,常量 cond=True → then=Int8ub,build,IfThenElse,N=1,na,normal,nested_in_struct,nested_in_struct,1884,149,12.61,true,construct-rs/bench/results/bench_phase7_csv.json;plans/phase7-conditional-streams/traces/7.3-集成测试与性能验证.md,7.3,Phase 7.3 全量 bench
IfThenElse,7.3-ITE2-P,常量 cond=False → else=Pass,parse,IfThenElse,N=1,na,normal,nested_in_struct,nested_in_struct,1856,232,7.99,false,construct-rs/bench/results/bench_phase7_csv.json;plans/phase7-conditional-streams/traces/7.3-集成测试与性能验证.md,7.3,Phase 7.3 全量 bench
IfThenElse,7.3-ITE2-B,常量 cond=False → else=Pass,build,IfThenElse,N=1,na,normal,nested_in_struct,nested_in_struct,1745,105,16.63,true,construct-rs/bench/results/bench_phase7_csv.json;plans/phase7-conditional-streams/traces/7.3-集成测试与性能验证.md,7.3,Phase 7.3 全量 bench
IfThenElse,7.3-ITE3-P,常量 cond=True → then=Int32ub (大工作量),parse,IfThenElse,N=1,na,normal,nested_in_struct,nested_in_struct,2039,239,8.55,false,construct-rs/bench/results/bench_phase7_csv.json;plans/phase7-conditional-streams/traces/7.3-集成测试与性能验证.md,7.3,Phase 7.3 全量 bench
IfThenElse,7.3-ITE3-B,常量 cond=True → then=Int32ub (大工作量),build,IfThenElse,N=1,na,normal,nested_in_struct,nested_in_struct,1921,160,11.99,true,construct-rs/bench/results/bench_phase7_csv.json;plans/phase7-conditional-streams/traces/7.3-集成测试与性能验证.md,7.3,Phase 7.3 全量 bench
IfThenElse,7.3-ITE4-P,嵌套 IfThenElse（深度）,parse,IfThenElse,N=1,na,normal,nested_in_struct,nested_in_struct,2141,273,7.86,false,construct-rs/bench/results/bench_phase7_csv.json;plans/phase7-conditional-streams/traces/7.3-集成测试与性能验证.md,7.3,Phase 7.3 全量 bench
IfThenElse,7.3-ITE4-B,嵌套 IfThenElse（深度）,build,IfThenElse,N=1,na,normal,nested_in_struct,nested_in_struct,1946,151,12.93,true,construct-rs/bench/results/bench_phase7_csv.json;plans/phase7-conditional-streams/traces/7.3-集成测试与性能验证.md,7.3,Phase 7.3 全量 bench
IfThenElse,7.3-ITE5-P,"多字段 Struct {a, b: IfThenElse}",parse,IfThenElse,N=2,na,normal,nested_in_struct,nested_in_struct,2482,295,8.42,false,construct-rs/bench/results/bench_phase7_csv.json;plans/phase7-conditional-streams/traces/7.3-集成测试与性能验证.md,7.3,Phase 7.3 全量 bench
IfThenElse,7.3-ITE5-B,"多字段 Struct {a, b: IfThenElse}",build,IfThenElse,N=2,na,normal,nested_in_struct,nested_in_struct,2322,180,12.87,true,construct-rs/bench/results/bench_phase7_csv.json;plans/phase7-conditional-streams/traces/7.3-集成测试与性能验证.md,7.3,Phase 7.3 全量 bench
Switch,7.3-SW1-P,"const key=1, 3 cases → Int8ub",parse,Switch,N=1,na,normal,nested_in_struct,nested_in_struct,2073,269,7.70,false,construct-rs/bench/results/bench_phase7_csv.json;plans/phase7-conditional-streams/traces/7.3-集成测试与性能验证.md,7.3,Phase 7.3 全量 bench
Switch,7.3-SW1-B,"const key=1, 3 cases → Int8ub",build,Switch,N=1,na,normal,nested_in_struct,nested_in_struct,1895,153,12.40,true,construct-rs/bench/results/bench_phase7_csv.json;plans/phase7-conditional-streams/traces/7.3-集成测试与性能验证.md,7.3,Phase 7.3 全量 bench
Switch,7.3-SW2-P,const key=99 → default=Pass,parse,Switch,N=1,na,normal,nested_in_struct,nested_in_struct,1914,238,8.06,false,construct-rs/bench/results/bench_phase7_csv.json;plans/phase7-conditional-streams/traces/7.3-集成测试与性能验证.md,7.3,Phase 7.3 全量 bench
Switch,7.3-SW2-B,const key=99 → default=Pass,build,Switch,N=1,na,normal,nested_in_struct,nested_in_struct,1778,109,16.27,true,construct-rs/bench/results/bench_phase7_csv.json;plans/phase7-conditional-streams/traces/7.3-集成测试与性能验证.md,7.3,Phase 7.3 全量 bench
Switch,7.3-SW3-P,"const key=4, 5 cases → 末尾命中",parse,Switch,N=1,na,normal,nested_in_struct,nested_in_struct,2067,272,7.60,false,construct-rs/bench/results/bench_phase7_csv.json;plans/phase7-conditional-streams/traces/7.3-集成测试与性能验证.md,7.3,Phase 7.3 全量 bench
Switch,7.3-SW3-B,"const key=4, 5 cases → 末尾命中",build,Switch,N=1,na,normal,nested_in_struct,nested_in_struct,1940,158,12.31,true,construct-rs/bench/results/bench_phase7_csv.json;plans/phase7-conditional-streams/traces/7.3-集成测试与性能验证.md,7.3,Phase 7.3 全量 bench
Switch,7.3-SW4-P,嵌套 Switch,parse,Switch,N=1,na,normal,nested_in_struct,nested_in_struct,2188,280,7.81,false,construct-rs/bench/results/bench_phase7_csv.json;plans/phase7-conditional-streams/traces/7.3-集成测试与性能验证.md,7.3,Phase 7.3 全量 bench
Switch,7.3-SW4-B,嵌套 Switch,build,Switch,N=1,na,normal,nested_in_struct,nested_in_struct,2025,160,12.66,true,construct-rs/bench/results/bench_phase7_csv.json;plans/phase7-conditional-streams/traces/7.3-集成测试与性能验证.md,7.3,Phase 7.3 全量 bench
Switch,7.3-SW5-P,Switch with Int32ub case,parse,Switch,N=1,na,normal,nested_in_struct,nested_in_struct,2143,243,8.80,false,construct-rs/bench/results/bench_phase7_csv.json;plans/phase7-conditional-streams/traces/7.3-集成测试与性能验证.md,7.3,Phase 7.3 全量 bench
Switch,7.3-SW5-B,Switch with Int32ub case,build,Switch,N=1,na,normal,nested_in_struct,nested_in_struct,1995,171,11.64,true,construct-rs/bench/results/bench_phase7_csv.json;plans/phase7-conditional-streams/traces/7.3-集成测试与性能验证.md,7.3,Phase 7.3 全量 bench
Select,7.3-SL1-P,"Select(Int8ub, Int16ub) 第 1 个成功",parse,Select,N=1,na,normal,nested_in_struct,nested_in_struct,2040,269,7.59,false,construct-rs/bench/results/bench_phase7_csv.json;plans/phase7-conditional-streams/traces/7.3-集成测试与性能验证.md,7.3,Phase 7.3 全量 bench
Select,7.3-SL1-B,"Select(Int8ub, Int16ub) 第 1 个成功",build,Select,N=1,na,normal,nested_in_struct,nested_in_struct,3459,180,19.24,true,construct-rs/bench/results/bench_phase7_csv.json;plans/phase7-conditional-streams/traces/7.3-集成测试与性能验证.md,7.3,Phase 7.3 全量 bench
Select,7.3-SL2-P,"Select(Int16ub, Int8ub) 第 2 个成功",parse,Select,N=1,na,normal,nested_in_struct,nested_in_struct,3317,390,8.51,false,construct-rs/bench/results/bench_phase7_csv.json;plans/phase7-conditional-streams/traces/7.3-集成测试与性能验证.md,7.3,Phase 7.3 全量 bench
Select,7.3-SL2-B,"Select(Int16ub, Int8ub) 第 2 个成功",build,Select,N=1,na,normal,nested_in_struct,nested_in_struct,3477,198,17.53,true,construct-rs/bench/results/bench_phase7_csv.json;plans/phase7-conditional-streams/traces/7.3-集成测试与性能验证.md,7.3,Phase 7.3 全量 bench
Select,7.3-SL3-P,Select 3 候选 → 第 1 个成功,parse,Select,N=1,na,normal,nested_in_struct,nested_in_struct,2035,271,7.52,false,construct-rs/bench/results/bench_phase7_csv.json;plans/phase7-conditional-streams/traces/7.3-集成测试与性能验证.md,7.3,Phase 7.3 全量 bench
Select,7.3-SL3-B,Select 3 候选 → 第 1 个成功,build,Select,N=1,na,normal,nested_in_struct,nested_in_struct,3499,180,19.48,true,construct-rs/bench/results/bench_phase7_csv.json;plans/phase7-conditional-streams/traces/7.3-集成测试与性能验证.md,7.3,Phase 7.3 全量 bench
Select,7.3-SL4-P,"Select(Int32ub, CString) CString 成功",parse,Select,N=1,na,normal,nested_in_struct,nested_in_struct,2089,240,8.70,false,construct-rs/bench/results/bench_phase7_csv.json;plans/phase7-conditional-streams/traces/7.3-集成测试与性能验证.md,7.3,Phase 7.3 全量 bench
Select,7.3-SL4-B,"Select(Int32ub, CString) CString 成功",build,Select,N=1,na,normal,nested_in_struct,nested_in_struct,6469,557,11.62,true,construct-rs/bench/results/bench_phase7_csv.json;plans/phase7-conditional-streams/traces/7.3-集成测试与性能验证.md,7.3,Phase 7.3 全量 bench
Select,7.3-SL5-P,"多字段 Struct {a, b: Select}",parse,Select,N=2,na,normal,nested_in_struct,nested_in_struct,2520,287,8.77,false,construct-rs/bench/results/bench_phase7_csv.json;plans/phase7-conditional-streams/traces/7.3-集成测试与性能验证.md,7.3,Phase 7.3 全量 bench
Select,7.3-SL5-B,"多字段 Struct {a, b: Select}",build,Select,N=2,na,normal,nested_in_struct,nested_in_struct,4054,222,18.30,true,construct-rs/bench/results/bench_phase7_csv.json;plans/phase7-conditional-streams/traces/7.3-集成测试与性能验证.md,7.3,Phase 7.3 全量 bench
FocusedSeq,7.3-FS1-P,"FocusedSeq(Pass, Renamed(num, Int8ub))",parse,FocusedSeq,N=1,na,normal,nested_in_struct,nested_in_struct,3378,310,10.89,true,construct-rs/bench/results/bench_phase7_csv.json;plans/phase7-conditional-streams/traces/7.3-集成测试与性能验证.md,7.3,Phase 7.3 全量 bench
FocusedSeq,7.3-FS1-B,"FocusedSeq(Pass, Renamed(num, Int8ub))",build,FocusedSeq,N=1,na,normal,nested_in_struct,nested_in_struct,3170,188,16.84,true,construct-rs/bench/results/bench_phase7_csv.json;plans/phase7-conditional-streams/traces/7.3-集成测试与性能验证.md,7.3,Phase 7.3 全量 bench
FocusedSeq,7.3-FS2-P,FocusedSeq 倒序（Renamed 在前）,parse,FocusedSeq,N=1,na,normal,nested_in_struct,nested_in_struct,3373,307,10.99,true,construct-rs/bench/results/bench_phase7_csv.json;plans/phase7-conditional-streams/traces/7.3-集成测试与性能验证.md,7.3,Phase 7.3 全量 bench
FocusedSeq,7.3-FS2-B,FocusedSeq 倒序（Renamed 在前）,build,FocusedSeq,N=1,na,normal,nested_in_struct,nested_in_struct,3149,190,16.60,true,construct-rs/bench/results/bench_phase7_csv.json;plans/phase7-conditional-streams/traces/7.3-集成测试与性能验证.md,7.3,Phase 7.3 全量 bench
FocusedSeq,7.3-FS3-P,FocusedSeq Int32ub focus（大 subcon）,parse,FocusedSeq,N=1,na,normal,nested_in_struct,nested_in_struct,3382,271,12.49,true,construct-rs/bench/results/bench_phase7_csv.json;plans/phase7-conditional-streams/traces/7.3-集成测试与性能验证.md,7.3,Phase 7.3 全量 bench
FocusedSeq,7.3-FS3-B,FocusedSeq Int32ub focus（大 subcon）,build,FocusedSeq,N=1,na,normal,nested_in_struct,nested_in_struct,3192,209,15.27,true,construct-rs/bench/results/bench_phase7_csv.json;plans/phase7-conditional-streams/traces/7.3-集成测试与性能验证.md,7.3,Phase 7.3 全量 bench
FocusedSeq,7.3-FS4-P,3 字段 FocusedSeq,parse,FocusedSeq,N=1,na,normal,nested_in_struct,nested_in_struct,3491,314,11.11,true,construct-rs/bench/results/bench_phase7_csv.json;plans/phase7-conditional-streams/traces/7.3-集成测试与性能验证.md,7.3,Phase 7.3 全量 bench
FocusedSeq,7.3-FS4-B,3 字段 FocusedSeq,build,FocusedSeq,N=1,na,normal,nested_in_struct,nested_in_struct,3298,191,17.30,true,construct-rs/bench/results/bench_phase7_csv.json;plans/phase7-conditional-streams/traces/7.3-集成测试与性能验证.md,7.3,Phase 7.3 全量 bench
FocusedSeq,7.3-FS5-P,focus 在中间（多匿名 Pass）,parse,FocusedSeq,N=1,na,normal,nested_in_struct,nested_in_struct,3692,324,11.41,true,construct-rs/bench/results/bench_phase7_csv.json;plans/phase7-conditional-streams/traces/7.3-集成测试与性能验证.md,7.3,Phase 7.3 全量 bench
FocusedSeq,7.3-FS5-B,focus 在中间（多匿名 Pass）,build,FocusedSeq,N=1,na,normal,nested_in_struct,nested_in_struct,3367,199,16.94,true,construct-rs/bench/results/bench_phase7_csv.json;plans/phase7-conditional-streams/traces/7.3-集成测试与性能验证.md,7.3,Phase 7.3 全量 bench
Seek,7.3-SK1-P,"Seek(5, whence=0=Start)",parse,Seek,N=1,na,normal,nested_in_struct,nested_in_struct,2314,260,8.89,false,construct-rs/bench/results/bench_phase7_csv.json;plans/phase7-conditional-streams/traces/7.3-集成测试与性能验证.md,7.3,Phase 7.3 全量 bench
Seek,7.3-SK1-B,"Seek(5, whence=0=Start)",build,Seek,N=1,na,normal,nested_in_struct,nested_in_struct,2249,179,12.55,true,construct-rs/bench/results/bench_phase7_csv.json;plans/phase7-conditional-streams/traces/7.3-集成测试与性能验证.md,7.3,Phase 7.3 全量 bench
Seek,7.3-SK2-P,"Seek(0, whence=1=Current)",parse,Seek,N=1,na,normal,nested_in_struct,nested_in_struct,2700,295,9.16,false,construct-rs/bench/results/bench_phase7_csv.json;plans/phase7-conditional-streams/traces/7.3-集成测试与性能验证.md,7.3,Phase 7.3 全量 bench
Seek,7.3-SK2-B,"Seek(0, whence=1=Current)",build,Seek,N=1,na,normal,nested_in_struct,nested_in_struct,2650,197,13.46,true,construct-rs/bench/results/bench_phase7_csv.json;plans/phase7-conditional-streams/traces/7.3-集成测试与性能验证.md,7.3,Phase 7.3 全量 bench
Seek,7.3-SK3-P,"Seek(-2, whence=2=End)",parse,Seek,N=1,na,normal,nested_in_struct,nested_in_struct,2683,295,9.10,false,construct-rs/bench/results/bench_phase7_csv.json;plans/phase7-conditional-streams/traces/7.3-集成测试与性能验证.md,7.3,Phase 7.3 全量 bench
Seek,7.3-SK3-B,"Seek(-2, whence=2=End)",build,Seek,N=1,na,normal,nested_in_struct,nested_in_struct,2644,203,13.02,true,construct-rs/bench/results/bench_phase7_csv.json;plans/phase7-conditional-streams/traces/7.3-集成测试与性能验证.md,7.3,Phase 7.3 全量 bench
Seek,7.3-SK4-P,大 buffer Seek(5000),parse,Seek,N=1,na,normal,nested_in_struct,nested_in_struct,2336,265,8.80,false,construct-rs/bench/results/bench_phase7_csv.json;plans/phase7-conditional-streams/traces/7.3-集成测试与性能验证.md,7.3,Phase 7.3 全量 bench
Seek,7.3-SK4-B,大 buffer Seek(5000),build,Seek,N=1,na,normal,nested_in_struct,nested_in_struct,3901,247,15.79,true,construct-rs/bench/results/bench_phase7_csv.json;plans/phase7-conditional-streams/traces/7.3-集成测试与性能验证.md,7.3,Phase 7.3 全量 bench
Seek,7.3-SK5-P,多字段 Struct + Seek(2),parse,Seek,N=2,na,normal,nested_in_struct,nested_in_struct,2722,297,9.17,false,construct-rs/bench/results/bench_phase7_csv.json;plans/phase7-conditional-streams/traces/7.3-集成测试与性能验证.md,7.3,Phase 7.3 全量 bench
Seek,7.3-SK5-B,多字段 Struct + Seek(2),build,Seek,N=2,na,normal,nested_in_struct,nested_in_struct,2594,201,12.92,true,construct-rs/bench/results/bench_phase7_csv.json;plans/phase7-conditional-streams/traces/7.3-集成测试与性能验证.md,7.3,Phase 7.3 全量 bench
Pointer,7.3-PT1-P,"Pointer(8, Bytes(1)) 正 offset",parse,Pointer,N=2,na,normal,nested_in_struct,nested_in_struct,2585,268,9.63,false,construct-rs/bench/results/bench_phase7_csv.json;plans/phase7-conditional-streams/traces/7.3-集成测试与性能验证.md,7.3,Phase 7.3 全量 bench
Pointer,7.3-PT1-B,"Pointer(8, Bytes(1)) 正 offset",build,Pointer,N=2,na,normal,nested_in_struct,nested_in_struct,2513,238,10.56,true,construct-rs/bench/results/bench_phase7_csv.json;plans/phase7-conditional-streams/traces/7.3-集成测试与性能验证.md,7.3,Phase 7.3 全量 bench
Pointer,7.3-PT2-P,"Pointer(-2, Bytes(1)) 负 offset",parse,Pointer,N=2,na,normal,nested_in_struct,nested_in_struct,2529,275,9.18,false,construct-rs/bench/results/bench_phase7_csv.json;plans/phase7-conditional-streams/traces/7.3-集成测试与性能验证.md,7.3,Phase 7.3 全量 bench
Pointer,7.3-PT2-B,"Pointer(-2, Bytes(1)) 负 offset",build,Pointer,N=2,na,normal,nested_in_struct,nested_in_struct,2470,188,13.15,true,construct-rs/bench/results/bench_phase7_csv.json;plans/phase7-conditional-streams/traces/7.3-集成测试与性能验证.md,7.3,Phase 7.3 全量 bench
Pointer,7.3-PT3-P,"Pointer(5, Bytes(2)) subcon 多字节",parse,Pointer,N=2,na,normal,nested_in_struct,nested_in_struct,2569,276,9.31,false,construct-rs/bench/results/bench_phase7_csv.json;plans/phase7-conditional-streams/traces/7.3-集成测试与性能验证.md,7.3,Phase 7.3 全量 bench
Pointer,7.3-PT3-B,"Pointer(5, Bytes(2)) subcon 多字节",build,Pointer,N=2,na,normal,nested_in_struct,nested_in_struct,2516,248,10.13,true,construct-rs/bench/results/bench_phase7_csv.json;plans/phase7-conditional-streams/traces/7.3-集成测试与性能验证.md,7.3,Phase 7.3 全量 bench
Pointer,7.3-PT4-P,"Pointer(8, Int32ub) 大 subcon",parse,Pointer,N=2,na,normal,nested_in_struct,nested_in_struct,2713,268,10.13,true,construct-rs/bench/results/bench_phase7_csv.json;plans/phase7-conditional-streams/traces/7.3-集成测试与性能验证.md,7.3,Phase 7.3 全量 bench
Pointer,7.3-PT4-B,"Pointer(8, Int32ub) 大 subcon",build,Pointer,N=2,na,normal,nested_in_struct,nested_in_struct,2565,249,10.32,true,construct-rs/bench/results/bench_phase7_csv.json;plans/phase7-conditional-streams/traces/7.3-集成测试与性能验证.md,7.3,Phase 7.3 全量 bench
Pointer,7.3-PT5-P,Pointer in 3 字段 Struct,parse,Pointer,N=3,na,normal,nested_in_struct,nested_in_struct,2923,293,9.96,false,construct-rs/bench/results/bench_phase7_csv.json;plans/phase7-conditional-streams/traces/7.3-集成测试与性能验证.md,7.3,Phase 7.3 全量 bench
Pointer,7.3-PT5-B,Pointer in 3 字段 Struct,build,Pointer,N=3,na,normal,nested_in_struct,nested_in_struct,2845,265,10.74,true,construct-rs/bench/results/bench_phase7_csv.json;plans/phase7-conditional-streams/traces/7.3-集成测试与性能验证.md,7.3,Phase 7.3 全量 bench
Prefixed,7.3-PF1-P,"Prefixed(Byte, Bytes(3))",parse,Prefixed,N=1,na,normal,nested_in_struct,nested_in_struct,2690,291,9.23,false,construct-rs/bench/results/bench_phase7_csv.json;plans/phase7-conditional-streams/traces/7.3-集成测试与性能验证.md,7.3,Phase 7.3 全量 bench
Prefixed,7.3-PF1-B,"Prefixed(Byte, Bytes(3))",build,Prefixed,N=1,na,normal,nested_in_struct,nested_in_struct,2311,213,10.85,true,construct-rs/bench/results/bench_phase7_csv.json;plans/phase7-conditional-streams/traces/7.3-集成测试与性能验证.md,7.3,Phase 7.3 全量 bench
Prefixed,7.3-PF2-P,"Prefixed(Byte, Bytes(64)) 大数据",parse,Prefixed,N=1,na,normal,nested_in_struct,nested_in_struct,2768,294,9.42,false,construct-rs/bench/results/bench_phase7_csv.json;plans/phase7-conditional-streams/traces/7.3-集成测试与性能验证.md,7.3,Phase 7.3 全量 bench
Prefixed,7.3-PF2-B,"Prefixed(Byte, Bytes(64)) 大数据",build,Prefixed,N=1,na,normal,nested_in_struct,nested_in_struct,2337,234,9.97,false,construct-rs/bench/results/bench_phase7_csv.json;plans/phase7-conditional-streams/traces/7.3-集成测试与性能验证.md,7.3,Phase 7.3 全量 bench
Prefixed,7.3-PF3-P,"Prefixed(Int16ub, Bytes(3))",parse,Prefixed,N=1,na,normal,nested_in_struct,nested_in_struct,2732,281,9.72,false,construct-rs/bench/results/bench_phase7_csv.json;plans/phase7-conditional-streams/traces/7.3-集成测试与性能验证.md,7.3,Phase 7.3 全量 bench
Prefixed,7.3-PF3-B,"Prefixed(Int16ub, Bytes(3))",build,Prefixed,N=1,na,normal,nested_in_struct,nested_in_struct,2332,212,10.99,true,construct-rs/bench/results/bench_phase7_csv.json;plans/phase7-conditional-streams/traces/7.3-集成测试与性能验证.md,7.3,Phase 7.3 全量 bench
Prefixed,7.3-PF4-P,"Prefixed(VarInt, GreedyRange(Int32ul))",parse,Prefixed,N=1,na,normal,nested_in_struct,nested_in_struct,5775,475,12.15,true,construct-rs/bench/results/bench_phase7_csv.json;plans/phase7-conditional-streams/traces/7.3-集成测试与性能验证.md,7.3,Phase 7.3 全量 bench
Prefixed,7.3-PF4-B,"Prefixed(VarInt, GreedyRange(Int32ul))",build,Prefixed,N=1,na,normal,nested_in_struct,nested_in_struct,2925,357,8.19,false,construct-rs/bench/results/bench_phase7_csv.json;plans/phase7-conditional-streams/traces/7.3-集成测试与性能验证.md,7.3,Phase 7.3 全量 bench
Prefixed,7.3-PF5-P,"Prefixed(Int16ub, Bytes(3), includelength=True)",parse,Prefixed,N=1,na,normal,nested_in_struct,nested_in_struct,2714,264,10.29,true,construct-rs/bench/results/bench_phase7_csv.json;plans/phase7-conditional-streams/traces/7.3-集成测试与性能验证.md,7.3,Phase 7.3 全量 bench
Prefixed,7.3-PF5-B,"Prefixed(Int16ub, Bytes(3), includelength=True)",build,Prefixed,N=1,na,normal,nested_in_struct,nested_in_struct,2365,212,11.13,true,construct-rs/bench/results/bench_phase7_csv.json;plans/phase7-conditional-streams/traces/7.3-集成测试与性能验证.md,7.3,Phase 7.3 全量 bench

Const,8-CN1-P,Const(b'IHDR') bytes,parse,Bytes,N=1,na,normal,standalone,standalone,2109,253,8.34,false,construct-rs/bench/results/bench_phase8_314_csv.json;plans/phase8-adapters-struct-streams/traces/PERF-bench.md,8,
Const,8-CN1-B,Const(b'IHDR') bytes,build,Bytes,N=1,na,normal,standalone,standalone,2091,177,11.82,true,construct-rs/bench/results/bench_phase8_314_csv.json;plans/phase8-adapters-struct-streams/traces/PERF-bench.md,8,
Const,8-CN2-P,"Const(255, Int32ul) int",parse,Int32ul,N=1,unsigned_le,normal,standalone,standalone,2140,241,8.88,false,construct-rs/bench/results/bench_phase8_314_csv.json;plans/phase8-adapters-struct-streams/traces/PERF-bench.md,8,
Const,8-CN2-B,"Const(255, Int32ul) int",build,Int32ul,N=1,unsigned_le,normal,standalone,standalone,2059,172,11.99,true,construct-rs/bench/results/bench_phase8_314_csv.json;plans/phase8-adapters-struct-streams/traces/PERF-bench.md,8,
Default,8-DF1-P,"Default(Byte, count) obj provided (pass-through)",parse,Byte,N=2,unsigned_be,normal,nested_in_struct,nested_in_struct,2631,254,10.35,true,construct-rs/bench/results/bench_phase8_314_csv.json;plans/phase8-adapters-struct-streams/traces/PERF-bench.md,8,"[design-issue] Default(Byte,0) constant not compilable; workaround uses field ref"
Default,8-DF1-B,"Default(Byte, count) obj provided (pass-through)",build,Byte,N=2,unsigned_be,normal,nested_in_struct,nested_in_struct,2457,242,10.13,true,construct-rs/bench/results/bench_phase8_314_csv.json;plans/phase8-adapters-struct-streams/traces/PERF-bench.md,8,"[design-issue] Default(Byte,0) constant not compilable; workaround uses field ref"
Default,8-DF2-P,"Default(Byte, count) obj=None (expr eval)",parse,Byte,N=2,unsigned_be,normal,nested_in_struct,nested_in_struct,2657,256,10.39,true,construct-rs/bench/results/bench_phase8_314_csv.json;plans/phase8-adapters-struct-streams/traces/PERF-bench.md,8,[design-issue] Default rfield build fails; workaround uses field+val=None
Default,8-DF2-B,"Default(Byte, count) obj=None (expr eval)",build,Byte,N=2,unsigned_be,normal,nested_in_struct,nested_in_struct,2725,260,10.48,true,construct-rs/bench/results/bench_phase8_314_csv.json;plans/phase8-adapters-struct-streams/traces/PERF-bench.md,8,[design-issue] Default rfield build fails; workaround uses field+val=None
Check,8-CK1-P,Check(a+b>0) expr assert,parse,Byte,N=2,unsigned_be,normal,nested_in_struct,nested_in_struct,3660,291,12.57,true,construct-rs/bench/results/bench_phase8_314_csv.json;plans/phase8-adapters-struct-streams/traces/PERF-bench.md,8,
Check,8-CK1-B,Check(a+b>0) expr assert,build,Byte,N=2,unsigned_be,normal,nested_in_struct,nested_in_struct,3424,278,12.34,true,construct-rs/bench/results/bench_phase8_314_csv.json;plans/phase8-adapters-struct-streams/traces/PERF-bench.md,8,
Hex,8-HX1-P,Hex(Int32ub) int display,parse,Int32ub,N=1,unsigned_be,normal,standalone,standalone,2519,581,4.33,false,construct-rs/bench/results/bench_phase8_314_csv.json;plans/phase8-adapters-struct-streams/traces/PERF-bench.md,8,display wrapper creation overhead
Hex,8-HX1-B,Hex(Int32ub) int display,build,Int32ub,N=1,unsigned_be,normal,standalone,standalone,2053,152,13.51,true,construct-rs/bench/results/bench_phase8_314_csv.json;plans/phase8-adapters-struct-streams/traces/PERF-bench.md,8,
Hex,8-HX2-P,Hex(Bytes(4)) bytes display,parse,Bytes,N=1,na,normal,standalone,standalone,2296,330,6.96,false,construct-rs/bench/results/bench_phase8_314_csv.json;plans/phase8-adapters-struct-streams/traces/PERF-bench.md,8,display wrapper creation overhead
Hex,8-HX2-B,Hex(Bytes(4)) bytes display,build,Bytes,N=1,na,normal,standalone,standalone,2061,153,13.51,true,construct-rs/bench/results/bench_phase8_314_csv.json;plans/phase8-adapters-struct-streams/traces/PERF-bench.md,8,
HexDump,8-HD1-P,HexDump(Bytes(4)) bytes display,parse,Bytes,N=1,na,normal,standalone,standalone,2244,324,6.92,false,construct-rs/bench/results/bench_phase8_314_csv.json;plans/phase8-adapters-struct-streams/traces/PERF-bench.md,8,display wrapper creation overhead
HexDump,8-HD1-B,HexDump(Bytes(4)) bytes display,build,Bytes,N=1,na,normal,standalone,standalone,2055,151,13.63,true,construct-rs/bench/results/bench_phase8_314_csv.json;plans/phase8-adapters-struct-streams/traces/PERF-bench.md,8,
Aligned,8-AL1-P,"Aligned(4, Int16ub) modulus=4",parse,Int16ub,N=1,unsigned_be,normal,standalone,standalone,2386,233,10.26,true,construct-rs/bench/results/bench_phase8_314_csv.json;plans/phase8-adapters-struct-streams/traces/PERF-bench.md,8,
Aligned,8-AL1-B,"Aligned(4, Int16ub) modulus=4",build,Int16ub,N=1,unsigned_be,normal,standalone,standalone,2312,201,11.48,true,construct-rs/bench/results/bench_phase8_314_csv.json;plans/phase8-adapters-struct-streams/traces/PERF-bench.md,8,
Aligned,8-AL2-P,"Aligned(8, Bytes(3)) modulus=8",parse,Bytes,N=1,na,normal,standalone,standalone,2339,242,9.65,false,construct-rs/bench/results/bench_phase8_314_csv.json;plans/phase8-adapters-struct-streams/traces/PERF-bench.md,8,
Aligned,8-AL2-B,"Aligned(8, Bytes(3)) modulus=8",build,Bytes,N=1,na,normal,standalone,standalone,2344,193,12.14,true,construct-rs/bench/results/bench_phase8_314_csv.json;plans/phase8-adapters-struct-streams/traces/PERF-bench.md,8,
Terminated,8-TM1-P,Terminated EOF assert,parse,Byte,N=1,unsigned_be,normal,nested_in_struct,nested_in_struct,2215,250,8.87,false,construct-rs/bench/results/bench_phase8_314_csv.json;plans/phase8-adapters-struct-streams/traces/PERF-bench.md,8,[design-issue] Terminated rfield build fails; workaround uses field+default=None
Terminated,8-TM1-B,Terminated EOF assert,build,Byte,N=1,unsigned_be,normal,nested_in_struct,nested_in_struct,2138,161,13.29,true,construct-rs/bench/results/bench_phase8_314_csv.json;plans/phase8-adapters-struct-streams/traces/PERF-bench.md,8,[design-issue] Terminated rfield build fails; workaround uses field+default=None
Checksum,8-CS1-P,Checksum B1 SHA256 N=64 data,parse,Bytes,N=64,na,normal,nested_in_struct,nested_in_struct,3948,469,8.42,false,construct-rs/bench/results/bench_phase8_314_csv.json;plans/phase8-adapters-struct-streams/traces/PERF-bench.md,8,gate=4x; hash-dominated
Checksum,8-CS1-B,Checksum B1 SHA256 N=64 data,build,Bytes,N=64,na,normal,nested_in_struct,nested_in_struct,3654,518,7.05,false,construct-rs/bench/results/bench_phase8_314_csv.json;plans/phase8-adapters-struct-streams/traces/PERF-bench.md,8,gate=4x; hash-dominated
Checksum,8-CS2-P,Checksum B1 SHA256 N=1024 data,parse,Bytes,N=1024,na,normal,nested_in_struct,nested_in_struct,4904,884,5.55,false,construct-rs/bench/results/bench_phase8_314_csv.json;plans/phase8-adapters-struct-streams/traces/PERF-bench.md,8,gate=4x; hash-dominated
Checksum,8-CS2-B,Checksum B1 SHA256 N=1024 data,build,Bytes,N=1024,na,normal,nested_in_struct,nested_in_struct,4509,959,4.7,false,construct-rs/bench/results/bench_phase8_314_csv.json;plans/phase8-adapters-struct-streams/traces/PERF-bench.md,8,gate=4x; hash-dominated
Enum,8-EN1-P,"Enum(Byte, 3 mappings)",parse,Byte,N=1,unsigned_be,normal,standalone,standalone,2236,239,9.37,false,construct-rs/bench/results/bench_phase8_314_csv.json;plans/phase8-adapters-struct-streams/traces/PERF-bench.md,8,
Enum,8-EN1-B,"Enum(Byte, 3 mappings)",build,Byte,N=1,unsigned_be,normal,standalone,standalone,2084,157,13.3,true,construct-rs/bench/results/bench_phase8_314_csv.json;plans/phase8-adapters-struct-streams/traces/PERF-bench.md,8,
Enum,8-EN2-P,"Enum(Byte, 8 mappings)",parse,Byte,N=1,unsigned_be,normal,standalone,standalone,2197,234,9.38,false,construct-rs/bench/results/bench_phase8_314_csv.json;plans/phase8-adapters-struct-streams/traces/PERF-bench.md,8,
Enum,8-EN2-B,"Enum(Byte, 8 mappings)",build,Byte,N=1,unsigned_be,normal,standalone,standalone,2100,157,13.36,true,construct-rs/bench/results/bench_phase8_314_csv.json;plans/phase8-adapters-struct-streams/traces/PERF-bench.md,8,
FlagsEnum,8-FE1-P,"FlagsEnum(Byte, 4 flags)",parse,Byte,N=1,unsigned_be,normal,standalone,standalone,2953,344,8.59,false,construct-rs/bench/results/bench_phase8_314_csv.json;plans/phase8-adapters-struct-streams/traces/PERF-bench.md,8,
FlagsEnum,8-FE1-B,"FlagsEnum(Byte, 4 flags)",build,Byte,N=1,unsigned_be,normal,standalone,standalone,2471,484,5.1,false,construct-rs/bench/results/bench_phase8_314_csv.json;plans/phase8-adapters-struct-streams/traces/PERF-bench.md,8,dict->int conversion overhead
Mapping,8-MP1-P,"Mapping(Byte, 3 pairs)",parse,Byte,N=1,unsigned_be,normal,standalone,standalone,2189,239,9.14,false,construct-rs/bench/results/bench_phase8_314_csv.json;plans/phase8-adapters-struct-streams/traces/PERF-bench.md,8,
Mapping,8-MP1-B,"Mapping(Byte, 3 pairs)",build,Byte,N=1,unsigned_be,normal,standalone,standalone,1988,156,12.72,true,construct-rs/bench/results/bench_phase8_314_csv.json;plans/phase8-adapters-struct-streams/traces/PERF-bench.md,8,
OneOf,8-OO1-P,"OneOf(Byte, [1,2,3])",parse,Byte,N=1,unsigned_be,normal,standalone,standalone,2109,240,8.79,false,construct-rs/bench/results/bench_phase8_314_csv.json;plans/phase8-adapters-struct-streams/traces/PERF-bench.md,8,
OneOf,8-OO1-B,"OneOf(Byte, [1,2,3])",build,Byte,N=1,unsigned_be,normal,standalone,standalone,2120,158,13.38,true,construct-rs/bench/results/bench_phase8_314_csv.json;plans/phase8-adapters-struct-streams/traces/PERF-bench.md,8,
NoneOf,8-NO1-P,"NoneOf(Byte, [1,2,3])",parse,Byte,N=1,unsigned_be,normal,standalone,standalone,2252,238,9.46,false,construct-rs/bench/results/bench_phase8_314_csv.json;plans/phase8-adapters-struct-streams/traces/PERF-bench.md,8,
NoneOf,8-NO1-B,"NoneOf(Byte, [1,2,3])",build,Byte,N=1,unsigned_be,normal,standalone,standalone,2140,158,13.51,true,construct-rs/bench/results/bench_phase8_314_csv.json;plans/phase8-adapters-struct-streams/traces/PERF-bench.md,8,
Union,8-UN1-P,"Union(0, raw=Bytes(4), ints=Int32ub)",parse,Bytes,N=1,na,normal,standalone,standalone,4365,378,11.56,true,construct-rs/bench/results/bench_phase8_314_csv.json;plans/phase8-adapters-struct-streams/traces/PERF-bench.md,8,
Union,8-UN1-B,"Union(0, raw=Bytes(4), ints=Int32ub)",build,Bytes,N=1,na,normal,standalone,standalone,3484,237,14.67,true,construct-rs/bench/results/bench_phase8_314_csv.json;plans/phase8-adapters-struct-streams/traces/PERF-bench.md,8,
Sequence,8-SQ1-P,"Sequence(Int8ub, Int8ub, Int8ub)",parse,Int8ub,N=3,unsigned_be,normal,standalone,standalone,3506,290,12.08,true,construct-rs/bench/results/bench_phase8_314_csv.json;plans/phase8-adapters-struct-streams/traces/PERF-bench.md,8,
Sequence,8-SQ1-B,"Sequence(Int8ub, Int8ub, Int8ub)",build,Int8ub,N=3,unsigned_be,normal,standalone,standalone,3527,212,16.63,true,construct-rs/bench/results/bench_phase8_314_csv.json;plans/phase8-adapters-struct-streams/traces/PERF-bench.md,8,
ProcessXor,8-PX1-P,"ProcessXor(0xff, Int32ub)",parse,Int32ub,N=1,unsigned_be,normal,standalone,standalone,3254,267,12.18,true,construct-rs/bench/results/bench_phase8_314_csv.json;plans/phase8-adapters-struct-streams/traces/PERF-bench.md,8,
ProcessXor,8-PX1-B,"ProcessXor(0xff, Int32ub)",build,Int32ub,N=1,unsigned_be,normal,standalone,standalone,2869,217,13.22,true,construct-rs/bench/results/bench_phase8_314_csv.json;plans/phase8-adapters-struct-streams/traces/PERF-bench.md,8,
ProcessRotateLeft,8-PR1-P,"ProcessRotateLeft(4, 1, Int32ub)",parse,Int32ub,N=1,unsigned_be,normal,standalone,standalone,3124,280,11.16,true,construct-rs/bench/results/bench_phase8_314_csv.json;plans/phase8-adapters-struct-streams/traces/PERF-bench.md,8,
ProcessRotateLeft,8-PR1-B,"ProcessRotateLeft(4, 1, Int32ub)",build,Int32ub,N=1,unsigned_be,normal,standalone,standalone,3043,269,11.31,true,construct-rs/bench/results/bench_phase8_314_csv.json;plans/phase8-adapters-struct-streams/traces/PERF-bench.md,8,
NamedTuple,8-NT1-P,NamedTuple over Struct{2},parse,Int8ub,N=1,unsigned_be,normal,nested_in_struct,nested_in_struct,4262,638,6.68,false,construct-rs/bench/results/bench_phase8_314_csv.json;plans/phase8-adapters-struct-streams/traces/PERF-bench.md,8,namedtuple creation overhead
NamedTuple,8-NT1-B,NamedTuple over Struct{2},build,Int8ub,N=1,unsigned_be,normal,nested_in_struct,nested_in_struct,4018,251,16.0,true,construct-rs/bench/results/bench_phase8_314_csv.json;plans/phase8-adapters-struct-streams/traces/PERF-bench.md,8,
Const,8.ENV313-CN1-P,Const(b'IHDR') bytes,parse,Bytes,N=1,na,normal,standalone,standalone,2079,214,9.71,false,construct-rs/bench/results/bench_phase8_313_csv.json;plans/phase8-adapters-struct-streams/traces/8.ENV-环境切换.md,8.ENV-313,Python 3.13 non-abi3 baseline (8.ENV)
Const,8.ENV313-CN1-B,Const(b'IHDR') bytes,build,Bytes,N=1,na,normal,standalone,standalone,2039,135,15.07,true,construct-rs/bench/results/bench_phase8_313_csv.json;plans/phase8-adapters-struct-streams/traces/8.ENV-环境切换.md,8.ENV-313,Python 3.13 non-abi3 baseline (8.ENV)
Const,8.ENV313-CN2-P,"Const(255, Int32ul) int",parse,Int32ul,N=1,unsigned_le,normal,standalone,standalone,2138,206,10.35,true,construct-rs/bench/results/bench_phase8_313_csv.json;plans/phase8-adapters-struct-streams/traces/8.ENV-环境切换.md,8.ENV-313,Python 3.13 non-abi3 baseline (8.ENV)
Const,8.ENV313-CN2-B,"Const(255, Int32ul) int",build,Int32ul,N=1,unsigned_le,normal,standalone,standalone,2039,135,15.12,true,construct-rs/bench/results/bench_phase8_313_csv.json;plans/phase8-adapters-struct-streams/traces/8.ENV-环境切换.md,8.ENV-313,Python 3.13 non-abi3 baseline (8.ENV)
Default,8.ENV313-DF1-P,"Default(Byte, count) obj provided (pass-through)",parse,Byte,N=2,unsigned_be,normal,nested_in_struct,nested_in_struct,2133,195,10.91,true,construct-rs/bench/results/bench_phase8_313_csv.json;plans/phase8-adapters-struct-streams/traces/8.ENV-环境切换.md,8.ENV-313,Python 3.13 non-abi3 baseline (8.ENV)
Default,8.ENV313-DF1-B,"Default(Byte, count) obj provided (pass-through)",build,Byte,N=2,unsigned_be,normal,nested_in_struct,nested_in_struct,2041,158,12.95,true,construct-rs/bench/results/bench_phase8_313_csv.json;plans/phase8-adapters-struct-streams/traces/8.ENV-环境切换.md,8.ENV-313,Python 3.13 non-abi3 baseline (8.ENV)
Default,8.ENV313-DF2-P,"Default(Byte, count) obj=None (expr eval)",parse,Byte,N=2,unsigned_be,normal,nested_in_struct,nested_in_struct,2550,216,11.79,true,construct-rs/bench/results/bench_phase8_313_csv.json;plans/phase8-adapters-struct-streams/traces/8.ENV-环境切换.md,8.ENV-313,Python 3.13 non-abi3 baseline (8.ENV)
Default,8.ENV313-DF2-B,"Default(Byte, count) obj=None (expr eval)",build,Byte,N=2,unsigned_be,normal,nested_in_struct,nested_in_struct,2635,197,13.37,true,construct-rs/bench/results/bench_phase8_313_csv.json;plans/phase8-adapters-struct-streams/traces/8.ENV-环境切换.md,8.ENV-313,Python 3.13 non-abi3 baseline (8.ENV)
Check,8.ENV313-CK1-P,Check(a+b>0) expr assert,parse,Byte,N=2,unsigned_be,normal,nested_in_struct,nested_in_struct,4007,248,16.14,true,construct-rs/bench/results/bench_phase8_313_csv.json;plans/phase8-adapters-struct-streams/traces/8.ENV-环境切换.md,8.ENV-313,Python 3.13 non-abi3 baseline (8.ENV)
Check,8.ENV313-CK1-B,Check(a+b>0) expr assert,build,Byte,N=2,unsigned_be,normal,nested_in_struct,nested_in_struct,3710,243,15.25,true,construct-rs/bench/results/bench_phase8_313_csv.json;plans/phase8-adapters-struct-streams/traces/8.ENV-环境切换.md,8.ENV-313,Python 3.13 non-abi3 baseline (8.ENV)
Hex,8.ENV313-HX1-P,Hex(Int32ub) int display,parse,Int32ub,N=1,unsigned_be,normal,standalone,standalone,2656,370,7.19,false,construct-rs/bench/results/bench_phase8_313_csv.json;plans/phase8-adapters-struct-streams/traces/8.ENV-环境切换.md,8.ENV-313,Python 3.13 non-abi3 baseline (8.ENV)
Hex,8.ENV313-HX1-B,Hex(Int32ub) int display,build,Int32ub,N=1,unsigned_be,normal,standalone,standalone,2214,131,16.90,true,construct-rs/bench/results/bench_phase8_313_csv.json;plans/phase8-adapters-struct-streams/traces/8.ENV-环境切换.md,8.ENV-313,Python 3.13 non-abi3 baseline (8.ENV)
Hex,8.ENV313-HX2-P,Hex(Bytes(4)) bytes display,parse,Bytes,N=1,na,normal,standalone,standalone,2682,332,8.08,false,construct-rs/bench/results/bench_phase8_313_csv.json;plans/phase8-adapters-struct-streams/traces/8.ENV-环境切换.md,8.ENV-313,Python 3.13 non-abi3 baseline (8.ENV)
Hex,8.ENV313-HX2-B,Hex(Bytes(4)) bytes display,build,Bytes,N=1,na,normal,standalone,standalone,2392,126,18.96,true,construct-rs/bench/results/bench_phase8_313_csv.json;plans/phase8-adapters-struct-streams/traces/8.ENV-环境切换.md,8.ENV-313,Python 3.13 non-abi3 baseline (8.ENV)
HexDump,8.ENV313-HD1-P,HexDump(Bytes(4)) bytes display,parse,Bytes,N=1,na,normal,standalone,standalone,2526,327,7.72,false,construct-rs/bench/results/bench_phase8_313_csv.json;plans/phase8-adapters-struct-streams/traces/8.ENV-环境切换.md,8.ENV-313,Python 3.13 non-abi3 baseline (8.ENV)
HexDump,8.ENV313-HD1-B,HexDump(Bytes(4)) bytes display,build,Bytes,N=1,na,normal,standalone,standalone,2214,135,16.37,true,construct-rs/bench/results/bench_phase8_313_csv.json;plans/phase8-adapters-struct-streams/traces/8.ENV-环境切换.md,8.ENV-313,Python 3.13 non-abi3 baseline (8.ENV)
Aligned,8.ENV313-AL1-P,"Aligned(4, Int16ub) modulus=4",parse,Int16ub,N=1,unsigned_be,normal,standalone,standalone,2566,240,10.70,true,construct-rs/bench/results/bench_phase8_313_csv.json;plans/phase8-adapters-struct-streams/traces/8.ENV-环境切换.md,8.ENV-313,Python 3.13 non-abi3 baseline (8.ENV)
Aligned,8.ENV313-AL1-B,"Aligned(4, Int16ub) modulus=4",build,Int16ub,N=1,unsigned_be,normal,standalone,standalone,2506,187,13.42,true,construct-rs/bench/results/bench_phase8_313_csv.json;plans/phase8-adapters-struct-streams/traces/8.ENV-环境切换.md,8.ENV-313,Python 3.13 non-abi3 baseline (8.ENV)
Aligned,8.ENV313-AL2-P,"Aligned(8, Bytes(3)) modulus=8",parse,Bytes,N=1,na,normal,standalone,standalone,2510,249,10.10,true,construct-rs/bench/results/bench_phase8_313_csv.json;plans/phase8-adapters-struct-streams/traces/8.ENV-环境切换.md,8.ENV-313,Python 3.13 non-abi3 baseline (8.ENV)
Aligned,8.ENV313-AL2-B,"Aligned(8, Bytes(3)) modulus=8",build,Bytes,N=1,na,normal,standalone,standalone,2665,177,15.06,true,construct-rs/bench/results/bench_phase8_313_csv.json;plans/phase8-adapters-struct-streams/traces/8.ENV-环境切换.md,8.ENV-313,Python 3.13 non-abi3 baseline (8.ENV)
Terminated,8.ENV313-TM1-P,Terminated EOF assert,parse,Byte,N=1,unsigned_be,normal,nested_in_struct,nested_in_struct,2438,237,10.28,true,construct-rs/bench/results/bench_phase8_313_csv.json;plans/phase8-adapters-struct-streams/traces/8.ENV-环境切换.md,8.ENV-313,Python 3.13 non-abi3 baseline (8.ENV)
Terminated,8.ENV313-TM1-B,Terminated EOF assert,build,Byte,N=1,unsigned_be,normal,nested_in_struct,nested_in_struct,2373,137,17.26,true,construct-rs/bench/results/bench_phase8_313_csv.json;plans/phase8-adapters-struct-streams/traces/8.ENV-环境切换.md,8.ENV-313,Python 3.13 non-abi3 baseline (8.ENV)
Checksum,8.ENV313-CS1-P,Checksum B1 SHA256 N=64 data,parse,Bytes,N=64,na,normal,nested_in_struct,nested_in_struct,4351,446,9.76,true,construct-rs/bench/results/bench_phase8_313_csv.json;plans/phase8-adapters-struct-streams/traces/8.ENV-环境切换.md,8.ENV-313,Python 3.13 non-abi3 baseline (8.ENV)
Checksum,8.ENV313-CS1-B,Checksum B1 SHA256 N=64 data,build,Bytes,N=64,na,normal,nested_in_struct,nested_in_struct,4203,461,9.13,true,construct-rs/bench/results/bench_phase8_313_csv.json;plans/phase8-adapters-struct-streams/traces/8.ENV-环境切换.md,8.ENV-313,Python 3.13 non-abi3 baseline (8.ENV)
Checksum,8.ENV313-CS2-P,Checksum B1 SHA256 N=1024 data,parse,Bytes,N=1024,na,normal,nested_in_struct,nested_in_struct,5735,907,6.32,true,construct-rs/bench/results/bench_phase8_313_csv.json;plans/phase8-adapters-struct-streams/traces/8.ENV-环境切换.md,8.ENV-313,Python 3.13 non-abi3 baseline (8.ENV)
Checksum,8.ENV313-CS2-B,Checksum B1 SHA256 N=1024 data,build,Bytes,N=1024,na,normal,nested_in_struct,nested_in_struct,4888,932,5.24,true,construct-rs/bench/results/bench_phase8_313_csv.json;plans/phase8-adapters-struct-streams/traces/8.ENV-环境切换.md,8.ENV-313,Python 3.13 non-abi3 baseline (8.ENV)
Enum,8.ENV313-EN1-P,"Enum(Byte, 3 mappings)",parse,Byte,N=1,unsigned_be,normal,standalone,standalone,2308,222,10.40,true,construct-rs/bench/results/bench_phase8_313_csv.json;plans/phase8-adapters-struct-streams/traces/8.ENV-环境切换.md,8.ENV-313,Python 3.13 non-abi3 baseline (8.ENV)
Enum,8.ENV313-EN1-B,"Enum(Byte, 3 mappings)",build,Byte,N=1,unsigned_be,normal,standalone,standalone,2199,133,16.56,true,construct-rs/bench/results/bench_phase8_313_csv.json;plans/phase8-adapters-struct-streams/traces/8.ENV-环境切换.md,8.ENV-313,Python 3.13 non-abi3 baseline (8.ENV)
Enum,8.ENV313-EN2-P,"Enum(Byte, 8 mappings)",parse,Byte,N=1,unsigned_be,normal,standalone,standalone,2282,226,10.09,true,construct-rs/bench/results/bench_phase8_313_csv.json;plans/phase8-adapters-struct-streams/traces/8.ENV-环境切换.md,8.ENV-313,Python 3.13 non-abi3 baseline (8.ENV)
Enum,8.ENV313-EN2-B,"Enum(Byte, 8 mappings)",build,Byte,N=1,unsigned_be,normal,standalone,standalone,2176,136,16.03,true,construct-rs/bench/results/bench_phase8_313_csv.json;plans/phase8-adapters-struct-streams/traces/8.ENV-环境切换.md,8.ENV-313,Python 3.13 non-abi3 baseline (8.ENV)
FlagsEnum,8.ENV313-FE1-P,"FlagsEnum(Byte, 4 flags)",parse,Byte,N=1,unsigned_be,normal,standalone,standalone,3388,339,9.99,false,construct-rs/bench/results/bench_phase8_313_csv.json;plans/phase8-adapters-struct-streams/traces/8.ENV-环境切换.md,8.ENV-313,Python 3.13 non-abi3 baseline (8.ENV)
FlagsEnum,8.ENV313-FE1-B,"FlagsEnum(Byte, 4 flags)",build,Byte,N=1,unsigned_be,normal,standalone,standalone,2610,439,5.94,false,construct-rs/bench/results/bench_phase8_313_csv.json;plans/phase8-adapters-struct-streams/traces/8.ENV-环境切换.md,8.ENV-313,Python 3.13 non-abi3 baseline (8.ENV)
Mapping,8.ENV313-MP1-P,"Mapping(Byte, 3 pairs)",parse,Byte,N=1,unsigned_be,normal,standalone,standalone,2508,231,10.88,true,construct-rs/bench/results/bench_phase8_313_csv.json;plans/phase8-adapters-struct-streams/traces/8.ENV-环境切换.md,8.ENV-313,Python 3.13 non-abi3 baseline (8.ENV)
Mapping,8.ENV313-MP1-B,"Mapping(Byte, 3 pairs)",build,Byte,N=1,unsigned_be,normal,standalone,standalone,2261,139,16.31,true,construct-rs/bench/results/bench_phase8_313_csv.json;plans/phase8-adapters-struct-streams/traces/8.ENV-环境切换.md,8.ENV-313,Python 3.13 non-abi3 baseline (8.ENV)
OneOf,8.ENV313-OO1-P,"OneOf(Byte, [1,2,3])",parse,Byte,N=1,unsigned_be,normal,standalone,standalone,2529,224,11.29,true,construct-rs/bench/results/bench_phase8_313_csv.json;plans/phase8-adapters-struct-streams/traces/8.ENV-环境切换.md,8.ENV-313,Python 3.13 non-abi3 baseline (8.ENV)
OneOf,8.ENV313-OO1-B,"OneOf(Byte, [1,2,3])",build,Byte,N=1,unsigned_be,normal,standalone,standalone,2347,145,16.14,true,construct-rs/bench/results/bench_phase8_313_csv.json;plans/phase8-adapters-struct-streams/traces/8.ENV-环境切换.md,8.ENV-313,Python 3.13 non-abi3 baseline (8.ENV)
NoneOf,8.ENV313-NO1-P,"NoneOf(Byte, [1,2,3])",parse,Byte,N=1,unsigned_be,normal,standalone,standalone,2358,229,10.29,true,construct-rs/bench/results/bench_phase8_313_csv.json;plans/phase8-adapters-struct-streams/traces/8.ENV-环境切换.md,8.ENV-313,Python 3.13 non-abi3 baseline (8.ENV)
NoneOf,8.ENV313-NO1-B,"NoneOf(Byte, [1,2,3])",build,Byte,N=1,unsigned_be,normal,standalone,standalone,2407,130,18.54,true,construct-rs/bench/results/bench_phase8_313_csv.json;plans/phase8-adapters-struct-streams/traces/8.ENV-环境切换.md,8.ENV-313,Python 3.13 non-abi3 baseline (8.ENV)
Union,8.ENV313-UN1-P,"Union(0, raw=Bytes(4), ints=Int32ub)",parse,Bytes,N=1,na,normal,standalone,standalone,4720,364,12.98,true,construct-rs/bench/results/bench_phase8_313_csv.json;plans/phase8-adapters-struct-streams/traces/8.ENV-环境切换.md,8.ENV-313,Python 3.13 non-abi3 baseline (8.ENV)
Union,8.ENV313-UN1-B,"Union(0, raw=Bytes(4), ints=Int32ub)",build,Bytes,N=1,na,normal,standalone,standalone,3710,186,19.92,true,construct-rs/bench/results/bench_phase8_313_csv.json;plans/phase8-adapters-struct-streams/traces/8.ENV-环境切换.md,8.ENV-313,Python 3.13 non-abi3 baseline (8.ENV)
Sequence,8.ENV313-SQ1-P,"Sequence(Int8ub, Int8ub, Int8ub)",parse,Int8ub,N=3,unsigned_be,normal,standalone,standalone,3998,263,15.21,true,construct-rs/bench/results/bench_phase8_313_csv.json;plans/phase8-adapters-struct-streams/traces/8.ENV-环境切换.md,8.ENV-313,Python 3.13 non-abi3 baseline (8.ENV)
Sequence,8.ENV313-SQ1-B,"Sequence(Int8ub, Int8ub, Int8ub)",build,Int8ub,N=3,unsigned_be,normal,standalone,standalone,3959,178,22.21,true,construct-rs/bench/results/bench_phase8_313_csv.json;plans/phase8-adapters-struct-streams/traces/8.ENV-环境切换.md,8.ENV-313,Python 3.13 non-abi3 baseline (8.ENV)
ProcessXor,8.ENV313-PX1-P,"ProcessXor(0xff, Int32ub)",parse,Int32ub,N=1,unsigned_be,normal,standalone,standalone,3499,271,12.89,true,construct-rs/bench/results/bench_phase8_313_csv.json;plans/phase8-adapters-struct-streams/traces/8.ENV-环境切换.md,8.ENV-313,Python 3.13 non-abi3 baseline (8.ENV)
ProcessXor,8.ENV313-PX1-B,"ProcessXor(0xff, Int32ub)",build,Int32ub,N=1,unsigned_be,normal,standalone,standalone,3305,208,15.91,true,construct-rs/bench/results/bench_phase8_313_csv.json;plans/phase8-adapters-struct-streams/traces/8.ENV-环境切换.md,8.ENV-313,Python 3.13 non-abi3 baseline (8.ENV)
ProcessRotateLeft,8.ENV313-PR1-P,"ProcessRotateLeft(4, 1, Int32ub)",parse,Int32ub,N=1,unsigned_be,normal,standalone,standalone,3637,292,12.44,true,construct-rs/bench/results/bench_phase8_313_csv.json;plans/phase8-adapters-struct-streams/traces/8.ENV-环境切换.md,8.ENV-313,Python 3.13 non-abi3 baseline (8.ENV)
ProcessRotateLeft,8.ENV313-PR1-B,"ProcessRotateLeft(4, 1, Int32ub)",build,Int32ub,N=1,unsigned_be,normal,standalone,standalone,3247,256,12.71,true,construct-rs/bench/results/bench_phase8_313_csv.json;plans/phase8-adapters-struct-streams/traces/8.ENV-环境切换.md,8.ENV-313,Python 3.13 non-abi3 baseline (8.ENV)
NamedTuple,8.ENV313-NT1-P,NamedTuple over Struct{2},parse,Int8ub,N=1,unsigned_be,normal,nested_in_struct,nested_in_struct,4627,602,7.69,false,construct-rs/bench/results/bench_phase8_313_csv.json;plans/phase8-adapters-struct-streams/traces/8.ENV-环境切换.md,8.ENV-313,Python 3.13 non-abi3 baseline (8.ENV)
NamedTuple,8.ENV313-NT1-B,NamedTuple over Struct{2},build,Int8ub,N=1,unsigned_be,normal,nested_in_struct,nested_in_struct,4494,203,22.10,true,construct-rs/bench/results/bench_phase8_313_csv.json;plans/phase8-adapters-struct-streams/traces/8.ENV-环境切换.md,8.ENV-313,Python 3.13 non-abi3 baseline (8.ENV)
Terminated,8.OPT-SHARED-TM1-parse,Terminated TM1 positive_control,parse,na,N=1,na,normal,normal,standalone,2187,190,11.49,true,construct-rs/bench/results/bench_opt_shared_retest.json;plans/phase8-adapters-struct-streams/traces/8.OPT-SHARED-DEV实施.md,8.OPT-SHARED,Phase 8 OPT-SHARED post O1-A+O1-B+O2-A (positive_control); mean of 5 rounds
Enum,8.OPT-SHARED-EN1-parse,Enum EN1 positive_control,parse,na,N=1,na,normal,normal,standalone,2184,193,11.29,true,construct-rs/bench/results/bench_opt_shared_retest.json;plans/phase8-adapters-struct-streams/traces/8.OPT-SHARED-DEV实施.md,8.OPT-SHARED,Phase 8 OPT-SHARED post O1-A+O1-B+O2-A (positive_control); mean of 5 rounds
Mapping,8.OPT-SHARED-MP1-parse,Mapping MP1 positive_control,parse,na,N=1,na,normal,normal,standalone,2163,191,11.30,true,construct-rs/bench/results/bench_opt_shared_retest.json;plans/phase8-adapters-struct-streams/traces/8.OPT-SHARED-DEV实施.md,8.OPT-SHARED,Phase 8 OPT-SHARED post O1-A+O1-B+O2-A (positive_control); mean of 5 rounds
Const,8.OPT-SHARED-CN1-build,Const CN1 negative_control,build,na,N=1,na,normal,normal,standalone,2031,127,16.02,true,construct-rs/bench/results/bench_opt_shared_retest.json;plans/phase8-adapters-struct-streams/traces/8.OPT-SHARED-DEV实施.md,8.OPT-SHARED,Phase 8 OPT-SHARED post O1-A+O1-B+O2-A (negative_control); mean of 5 rounds
Terminated,8.OPT-SHARED-TM1-build,Terminated TM1 negative_control,build,na,N=1,na,normal,normal,standalone,2122,117,18.21,true,construct-rs/bench/results/bench_opt_shared_retest.json;plans/phase8-adapters-struct-streams/traces/8.OPT-SHARED-DEV实施.md,8.OPT-SHARED,Phase 8 OPT-SHARED post O1-A+O1-B+O2-A (negative_control); mean of 5 rounds
Const,8.OPT-SHARED-CN1-parse,Const CN1 low_parse,parse,na,N=1,na,normal,normal,standalone,2080,195,10.65,true,construct-rs/bench/results/bench_opt_shared_retest.json;plans/phase8-adapters-struct-streams/traces/8.OPT-SHARED-DEV实施.md,8.OPT-SHARED,Phase 8 OPT-SHARED post O1-A+O1-B+O2-A (low_parse); mean of 5 rounds
Hex,8.OPT-SHARED-HX1-parse,Hex HX1 low_parse,parse,na,N=1,na,normal,normal,standalone,2519,324,7.77,false,construct-rs/bench/results/bench_opt_shared_retest.json;plans/phase8-adapters-struct-streams/traces/8.OPT-SHARED-DEV实施.md,8.OPT-SHARED,Phase 8 OPT-SHARED post O1-A+O1-B+O2-A (low_parse); mean of 5 rounds
Hex,8.OPT-SHARED-HX2-parse,Hex HX2 low_parse,parse,na,N=1,na,normal,normal,standalone,2444,282,8.67,false,construct-rs/bench/results/bench_opt_shared_retest.json;plans/phase8-adapters-struct-streams/traces/8.OPT-SHARED-DEV实施.md,8.OPT-SHARED,Phase 8 OPT-SHARED post O1-A+O1-B+O2-A (low_parse); mean of 5 rounds
HexDump,8.OPT-SHARED-HD1-parse,HexDump HD1 low_parse,parse,na,N=1,na,normal,normal,standalone,2327,280,8.33,false,construct-rs/bench/results/bench_opt_shared_retest.json;plans/phase8-adapters-struct-streams/traces/8.OPT-SHARED-DEV实施.md,8.OPT-SHARED,Phase 8 OPT-SHARED post O1-A+O1-B+O2-A (low_parse); mean of 5 rounds
FlagsEnum,8.OPT-SHARED-FE1-parse,FlagsEnum FE1 low_parse,parse,na,N=1,na,normal,normal,standalone,3031,310,9.78,false,construct-rs/bench/results/bench_opt_shared_retest.json;plans/phase8-adapters-struct-streams/traces/8.OPT-SHARED-DEV实施.md,8.OPT-SHARED,Phase 8 OPT-SHARED post O1-A+O1-B+O2-A (low_parse); mean of 5 rounds
NamedTuple,8.OPT-SHARED-NT1-parse,NamedTuple NT1 low_parse,parse,na,N=1,na,normal,normal,standalone,4634,571,8.12,false,construct-rs/bench/results/bench_opt_shared_retest.json;plans/phase8-adapters-struct-streams/traces/8.OPT-SHARED-DEV实施.md,8.OPT-SHARED,Phase 8 OPT-SHARED post O1-A+O1-B+O2-A (low_parse); mean of 5 rounds
FlagsEnum,8.OPT-SHARED-FE1-build,FlagsEnum FE1 low_build,build,na,N=1,na,normal,normal,standalone,2528,428,5.92,false,construct-rs/bench/results/bench_opt_shared_retest.json;plans/phase8-adapters-struct-streams/traces/8.OPT-SHARED-DEV实施.md,8.OPT-SHARED,Phase 8 OPT-SHARED post O1-A+O1-B+O2-A (low_build); mean of 5 rounds
